Moive_ID,Movie Rating,Duration,Gross_M,Worldwide LT Gross,Metascore,movie_age,Actionn,Comedy,Drama,Romance,Horror,Sci_fi,Family,Vote_Catg
Avatar_2009,7.8,162,760,2847397339,83,14,1,0,0,0,0,0,0,High
Avengers: Endgame_2019,8.4,181,858,2797501328,78,4,1,0,1,0,0,0,0,High
Titanic_1997,7.9,194,659,2201647264,75,26,0,0,1,1,0,0,0,High
Star Wars: Episode VII - The Force Awakens_2015,7.8,138,936,2069521700,80,8,1,0,0,0,0,1,0,Adequate
Avengers: Infinity War_2018,8.4,149,678,2048359754,68,5,1,0,0,0,0,1,0,High
Spider-Man: No Way Home_2021,8.3,148,804,1911432550,71,2,1,0,0,0,0,0,0,Adequate
Jurassic World_2015,6.9,124,652,1671537444,59,8,1,0,0,0,0,1,0,Adequate
The Lion King_2019,6.8,118,543,1663250487,55,4,0,0,1,0,0,0,0,Adequate
The Avengers_2012,8,143,623,1518815515,69,11,1,0,0,0,0,1,0,High
Fast & Furious 7_2015,7.1,137,353,1515341399,67,8,1,0,0,0,0,0,0,Adequate
Frozen II_2019,6.8,103,477,1450026933,64,4,0,1,0,0,0,0,0,Adequate
Top Gun: Maverick_2022,8.4,130,0,1440739744,78,1,1,0,1,0,0,0,0,Adequate
Avengers: Age of Ultron_2015,7.3,141,459,1402809540,66,8,1,0,0,0,0,1,0,Adequate
Black Panther_2018,7.3,134,700,1347597973,88,5,1,0,0,0,0,1,0,Adequate
Harry Potter and the Deathly Hallows: Part 2_2011,8.1,130,381,1342359942,85,12,0,0,0,0,0,0,1,Adequate
Star Wars: Episode VIII - The Last Jedi_2017,6.9,152,620,1332698830,84,6,1,0,0,0,0,0,0,Adequate
Jurassic World: Fallen Kingdom_2018,6.1,128,417,1310466296,51,5,1,0,0,0,0,1,0,Adequate
Frozen_2013,7.4,102,400,1281508100,75,10,0,1,0,0,0,0,0,Adequate
Beauty and the Beast_2017,7.1,129,504,1273576220,65,6,0,0,0,0,0,0,1,Adequate
Incredibles 2_2018,7.6,118,608,1243089244,80,5,1,0,0,0,0,0,0,Adequate
The Fate of the Furious_2017,6.6,136,226,1236005118,56,6,1,0,0,0,0,0,0,Adequate
Iron Man Three_2013,7.1,130,409,1214811252,62,10,1,0,0,0,0,1,0,Adequate
Minions_2015,6.4,91,336,1159444662,56,8,0,1,0,0,0,0,0,Adequate
Captain America: Civil War_2016,7.8,147,408,1153337496,75,7,1,0,0,0,0,1,0,Adequate
Aquaman_2018,6.8,143,335,1148528393,55,5,1,0,0,0,0,0,0,Adequate
The Lord of the Rings: The Return of the King_2003,9,201,377,1146436214,94,20,1,0,1,0,0,0,0,High
Spider-Man: Far from Home_2019,7.4,129,390,1131927996,69,4,1,0,0,0,0,1,0,Adequate
Captain Marvel_2019,6.8,123,426,1128462972,64,4,1,0,0,0,0,1,0,Adequate
Transformers: Dark of the Moon_2011,6.2,154,352,1123794079,42,12,1,0,0,0,0,1,0,Adequate
Skyfall_2012,7.8,143,304,1108569499,81,11,1,0,0,0,0,0,0,Adequate
Transformers: Age of Extinction_2014,5.6,165,245,1104054072,32,9,1,0,0,0,0,1,0,Adequate
Jurassic Park_1993,8.2,127,402,1099699003,68,30,1,0,0,0,0,1,0,Adequate
The Dark Knight Rises_2012,8.4,164,448,1081153097,78,11,1,0,1,0,0,0,0,High
Joker_2019,8.4,122,335,1074445730,59,4,0,0,1,0,0,0,0,High
Star Wars: Episode IX - The Rise of Skywalker_2019,6.5,141,515,1074149279,53,4,1,0,0,0,0,0,0,Adequate
Toy Story 4_2019,7.7,100,434,1073394593,84,4,0,1,0,0,0,0,0,Adequate
Toy Story 3_2010,8.3,103,415,1066970811,92,13,0,1,0,0,0,0,0,Adequate
Pirates of the Caribbean: Dead Man's Chest_2006,7.3,151,423,1066179747,53,17,1,0,0,0,0,0,0,Adequate
The Lion King_1994,8.5,88,422,1063611805,88,29,0,0,1,0,0,0,0,High
Rogue One_2016,7.8,133,532,1057420387,65,7,1,0,0,0,0,1,0,Adequate
Aladdin_2019,6.9,128,355,1050693953,53,4,0,1,0,0,0,0,1,Adequate
Pirates of the Caribbean: On Stranger Tides_2011,6.6,137,241,1045713802,45,12,1,0,0,0,0,0,0,Adequate
Despicable Me 3_2017,6.2,89,264,1034800131,49,6,0,1,0,0,0,0,0,Adequate
Finding Dory_2016,7.3,97,486,1028570942,77,7,0,1,0,0,0,0,0,Adequate
Star Wars: Episode I - The Phantom Menace_1999,6.5,136,474,1027082707,51,24,1,0,0,0,0,0,0,Adequate
Alice in Wonderland_2010,6.4,108,334,1025468216,53,13,0,0,0,0,0,0,1,Adequate
Zootopia_2016,8,108,341,1024121104,78,7,0,1,0,0,0,0,0,Adequate
Harry Potter and the Sorcerer's Stone_2001,7.6,152,317,1022290019,65,22,0,0,0,0,0,0,1,Adequate
The Hobbit: An Unexpected Journey_2012,7.8,169,303,1017030651,58,11,0,0,0,0,0,0,0,Adequate
The Dark Knight_2008,9,152,534,1006102277,84,15,1,0,1,0,0,0,0,High
Jurassic World Dominion_2022,5.7,147,0,994677000,38,1,1,0,0,0,0,1,0,Adequate
Harry Potter and the Deathly Hallows: Part 1_2010,7.7,146,295,977070383,65,13,0,0,0,0,0,0,1,Adequate
Despicable Me 2_2013,7.3,98,368,970766005,62,10,0,1,0,0,0,0,0,Adequate
The Jungle Book_2016,7.4,106,364,966554929,77,7,0,0,1,0,0,0,1,Adequate
Jumanji: Welcome to the Jungle_2017,6.9,119,404,962542945,58,6,1,1,0,0,0,0,0,Adequate
The Hobbit: The Battle of the Five Armies_2014,7.4,144,255,962201338,59,9,0,0,0,0,0,0,0,Adequate
Pirates of the Caribbean: At World's End_2007,7.1,169,309,960996492,50,16,1,0,0,0,0,0,0,Adequate
The Hobbit: The Desolation of Smaug_2013,7.8,161,258,959027992,66,10,0,0,0,0,0,0,0,Adequate
Doctor Strange in the Multiverse of Madness_2022,7,126,0,955152198,60,1,1,0,0,0,0,0,0,Adequate
The Lord of the Rings: The Two Towers_2002,8.8,179,342,947896241,87,21,1,0,1,0,0,0,0,High
Harry Potter and the Order of the Phoenix_2007,7.5,138,292,942201710,71,16,1,0,0,0,0,0,1,Adequate
Finding Nemo_2003,8.2,100,380,940352645,90,20,0,1,0,0,0,0,0,High
Harry Potter and the Half-Blood Prince_2009,7.6,153,301,934483039,78,14,1,0,0,0,0,0,1,Adequate
Shrek 2_2004,7.3,93,436,928760770,75,19,0,1,0,0,0,0,0,Adequate
Bohemian Rhapsody_2018,7.9,134,216,910809311,49,5,0,0,1,0,0,0,0,Adequate
Chang jin hu_2021,5.4,176,0,902545034,NULL,2,1,0,1,0,0,0,0,Low
The Lord of the Rings: The Fellowship of the Ring_2001,8.8,178,315,898094742,92,22,1,0,1,0,0,0,0,High
Harry Potter and the Goblet of Fire_2005,7.7,157,290,896730264,81,18,0,0,0,0,0,0,1,Adequate
Spider-Man 3_2007,6.3,139,336,894983373,59,16,1,0,0,0,0,1,0,Adequate
Minions: The Rise of Gru_2022,6.6,87,0,890966065,56,1,0,1,0,0,0,0,0,Satisfactory
Ice Age: Dawn of the Dinosaurs_2009,6.9,94,196,886686817,50,14,0,1,0,0,0,0,0,Adequate
Spectre_2015,6.8,148,200,880681519,60,8,1,0,0,0,0,0,0,Adequate
Spider-Man: Homecoming_2017,7.4,133,334,880166924,73,6,1,0,0,0,0,1,0,Adequate
Harry Potter and the Chamber of Secrets_2002,7.4,161,261,879928511,63,21,0,0,0,0,0,0,1,Adequate
Ice Age: Continental Drift_2012,6.5,88,161,877244782,49,11,0,1,0,0,0,0,0,Adequate
The Secret Life of Pets_2016,6.5,87,368,875458631,61,7,0,1,0,0,0,0,0,Adequate
Batman v Superman: Dawn of Justice_2016,6.4,152,330,873637528,44,7,1,0,0,0,0,1,0,Adequate
Zhan lang II_2017,5.9,123,2,870325439,44,6,1,0,1,0,0,0,0,Low
Star Wars: Episode III - Revenge of the Sith_2005,7.6,140,380,868390560,68,18,1,0,0,0,0,0,0,Adequate
The Hunger Games: Catching Fire_2013,7.5,146,424,865011746,76,10,1,0,0,0,0,1,0,Adequate
Guardians of the Galaxy Vol. 2_2017,7.6,136,389,863756051,67,6,1,1,0,0,0,0,0,Adequate
Inside Out_2015,8.2,95,356,858848019,94,8,0,1,0,0,0,0,0,Adequate
Venom_2018,6.6,112,213,856085151,35,5,1,0,0,0,0,1,0,Adequate
Thor: Ragnarok_2017,7.9,130,315,853983879,74,6,1,1,0,0,0,0,0,Adequate
Inception_2010,8.8,148,292,836848102,74,13,1,0,0,0,0,1,0,High
Transformers: Revenge of the Fallen_2009,5.9,149,402,836303693,35,14,1,0,0,0,0,1,0,Adequate
The Twilight Saga: Breaking Dawn - Part 2_2012,5.5,115,292,829747654,52,11,0,0,1,0,0,0,0,Adequate
Spider-Man_2002,7.4,121,403,825025036,73,21,1,0,0,0,0,1,0,Adequate
Wonder Woman_2017,7.4,141,412,822854286,76,6,1,0,0,0,0,0,0,Adequate
"Ni hao, Li Huanying_2021",7,128,0,822009764,NULL,2,0,1,0,1,0,0,0,Low
Independence Day_1996,7,145,306,817400891,59,27,1,0,0,0,0,1,0,Adequate
Fantastic Beasts and Where to Find Them_2016,7.2,132,234,814044001,66,7,0,0,0,0,0,0,1,Adequate
Shrek the Third_2007,6.1,93,320,813367380,58,16,0,1,0,0,0,0,0,Adequate
Coco_2017,8.4,105,209,807817888,81,6,0,1,0,0,0,0,0,Adequate
Jumanji: The Next Level_2019,6.7,123,316,800059707,58,4,1,1,0,0,0,0,0,Adequate
Harry Potter and the Prisoner of Azkaban_2004,7.9,142,249,797568607,82,19,0,0,0,0,0,0,1,Adequate
Pirates of the Caribbean: Dead Men Tell No Tales_2017,6.5,129,172,794881442,39,6,1,0,0,0,0,0,0,Adequate
E.T. the Extra-Terrestrial_1982,7.9,115,435,792910554,91,41,0,0,0,0,0,1,1,Adequate
Mission: Impossible - Fallout_2018,7.7,147,220,791657398,86,5,1,0,0,0,0,0,0,Adequate
2012_2009,5.8,158,166,791217826,49,14,1,0,0,0,0,1,0,Adequate
Indiana Jones and the Kingdom of the Crystal Skull_2008,6.2,122,317,790653942,65,15,1,0,0,0,0,0,0,Adequate
Spider-Man 2_2004,7.4,127,373,788976453,83,19,1,0,0,0,0,1,0,Adequate
Furious 6_2013,7,130,238,788680968,61,10,1,0,0,0,0,0,0,Adequate
Deadpool 2_2018,7.7,119,324,785896609,66,5,1,1,0,0,0,0,0,Adequate
Deadpool_2016,8,108,363,782836791,65,7,1,1,0,0,0,0,0,High
Star Wars_1977,8.6,121,322,775398007,90,46,1,0,0,0,0,0,0,High
No Time to Die_2021,7.3,163,160,774153007,68,2,1,0,0,0,0,0,0,Adequate
Guardians of the Galaxy_2014,8,121,333,773350147,76,9,1,1,0,0,0,0,0,High
The Batman_2022,7.9,176,0,770836163,72,1,1,0,1,0,0,0,0,Adequate
The Da Vinci Code_2006,6.6,149,217,760006945,46,17,0,0,0,0,0,0,0,Adequate
Fast & Furious Presents: Hobbs & Shaw_2019,6.5,137,173,759056935,60,4,1,0,0,0,0,0,0,Adequate
Maleficent_2014,6.9,97,241,758411779,56,9,0,0,0,0,0,0,1,Adequate
The Amazing Spider-Man_2012,6.9,136,262,757930663,66,11,1,0,0,0,0,1,0,Adequate
The Hunger Games: Mockingjay - Part 1_2014,6.6,123,337,755356711,64,9,1,0,0,0,0,1,0,Adequate
Shrek Forever After_2010,6.3,93,238,752600867,58,13,0,1,0,0,0,0,0,Adequate
Thor: Love and Thunder_2022,6.4,118,0,750858321,57,1,1,1,0,0,0,0,0,Adequate
Madagascar 3: Europe's Most Wanted_2012,6.8,95,216,746921274,60,11,0,1,0,0,0,0,0,Adequate
Suicide Squad_2016,5.9,123,325,746846894,40,7,1,0,0,0,0,0,0,Adequate
X-Men: Days of Future Past_2014,7.9,132,233,746045700,75,9,1,0,0,0,0,1,0,Adequate
"The Chronicles of Narnia: The Lion, the Witch and the Wardrobe_2005",6.9,143,291,745013115,75,18,0,0,0,0,0,0,1,Adequate
Monsters University_2013,7.2,104,268,743559645,65,10,0,1,0,0,0,0,0,Adequate
The Matrix Reloaded_2003,7.2,138,281,741847937,62,20,1,0,0,0,0,1,0,Adequate
Up_2009,8.3,96,293,735099102,88,14,0,1,0,0,0,0,0,High
Ne Zha zhi mo tong jiang shi_2019,7.4,110,3,726264074,54,4,1,0,0,0,0,0,0,Low
F9_2021,5.2,143,173,726229501,58,2,1,0,0,0,0,0,0,Adequate
Gravity_2013,7.7,91,274,723192705,96,10,0,0,1,0,0,1,0,Adequate
Captain America: The Winter Soldier_2014,7.8,136,259,714421503,70,9,1,0,0,0,0,1,0,Adequate
The Twilight Saga: Breaking Dawn - Part 1_2011,4.9,117,281,712205856,45,12,0,0,1,0,0,0,0,Adequate
The Twilight Saga: New Moon_2009,4.7,130,296,711025481,44,14,0,0,1,0,0,0,0,Adequate
Dawn of the Planet of the Apes_2014,7.6,130,208,710644566,79,9,1,0,1,0,0,0,0,Adequate
Transformers_2007,7,144,319,709709780,61,16,1,0,0,0,0,1,0,Adequate
The Amazing Spider-Man 2_2014,6.6,142,202,708982323,53,9,1,0,0,0,0,1,0,Adequate
It_2017,7.3,135,327,701842551,69,6,0,0,0,0,1,0,0,Adequate
Interstellar_2014,8.6,169,188,701729206,74,9,0,0,1,0,0,1,0,High
Liu lang di qiu_2019,5.9,125,5,699992512,57,4,1,0,0,0,0,1,0,Satisfactory
The Twilight Saga: Eclipse_2010,5,124,300,698491347,58,13,1,0,1,0,0,0,0,Adequate
Mission: Impossible - Ghost Protocol_2011,7.4,132,209,694713380,73,12,1,0,0,0,0,0,0,Adequate
The Hunger Games_2012,7.2,142,408,694394724,68,11,1,0,0,0,0,1,0,Adequate
Tang ren jie tan an 3_2021,5.6,136,0,686257563,NULL,2,1,1,0,0,0,0,0,Low
Mission: Impossible - Rogue Nation_2015,7.4,131,195,682716636,75,8,1,0,0,0,0,0,0,Adequate
Forrest Gump_1994,8.8,142,330,678226465,82,29,0,0,1,1,0,0,0,High
Doctor Strange_2016,7.5,115,232,677796076,72,7,1,0,0,0,0,0,0,Adequate
The Sixth Sense_1999,8.2,107,293,672806432,64,24,0,0,1,0,0,0,0,Adequate
Man of Steel_2013,7.1,143,291,668045518,55,10,1,0,0,0,0,1,0,Adequate
Ice Age: The Meltdown_2006,6.8,91,195,667094506,60,17,0,1,0,0,0,0,0,Adequate
Kung Fu Panda 2_2011,7.2,90,165,665692281,67,12,1,0,0,0,0,0,0,Adequate
Justice League_2017,6.1,120,229,657926987,45,6,1,0,0,0,0,0,0,Adequate
Big Hero 6_2014,7.8,102,222,657869686,74,9,1,0,0,0,0,0,0,Adequate
Fantastic Beasts: The Crimes of Grindelwald_2018,6.5,134,159,654855901,52,5,0,0,0,0,0,0,1,Adequate
Pirates of the Caribbean: The Curse of the Black Pearl_2003,8.1,143,305,654264015,63,20,1,0,0,0,0,0,0,High
Star Wars: Episode II - Attack of the Clones_2002,6.6,142,310,653779970,54,21,1,0,0,0,0,0,0,Adequate
The Hunger Games: Mockingjay - Part 2_2015,6.5,137,281,653428261,65,8,1,0,0,0,0,1,0,Adequate
Thor: The Dark World_2013,6.8,112,206,644783140,54,10,1,0,0,0,0,0,0,Adequate
Moana_2016,7.6,107,248,643355082,81,7,0,1,0,0,0,0,0,Adequate
Sing_2016,7.1,108,270,634338384,59,7,0,1,0,0,0,0,1,Adequate
Kung Fu Panda_2008,7.6,92,215,632083197,74,15,1,0,0,0,0,0,0,Adequate
The Incredibles_2004,8,115,261,631607053,90,19,1,0,0,0,0,0,0,Adequate
The Martian_2015,8,144,228,630620818,80,8,0,0,1,0,0,1,0,Adequate
Hancock_2008,6.4,92,227,629443428,49,15,1,0,1,0,0,0,0,Adequate
Chang jin hu zhi shui men qiao_2022,5.4,153,0,626571280,NULL,1,1,0,1,0,0,0,0,Unconsiderable
Fast Five_2011,7.3,130,209,626137675,66,12,1,0,0,0,0,0,0,Adequate
Men in Black 3_2012,6.8,106,179,624026776,58,11,1,1,0,0,0,0,0,Adequate
Iron Man 2_2010,6.9,124,312,623933331,57,13,1,0,0,0,0,1,0,Adequate
Ratatouille_2007,8.1,111,206,623726085,96,16,0,1,0,0,0,0,0,Adequate
Ant-Man and the Wasp_2018,7,118,216,622674139,70,5,1,1,0,0,0,0,0,Adequate
How to Train Your Dragon 2_2014,7.8,102,177,621537519,77,9,1,0,0,0,0,0,0,Adequate
Logan_2017,8.1,137,226,619179950,77,6,1,0,1,0,0,1,0,Adequate
The Lost World: Jurassic Park_1997,6.5,129,229,618638999,59,26,1,0,0,0,0,1,0,Adequate
Casino Royale_2006,8,144,167,616502912,80,17,1,0,0,0,0,0,0,Adequate
The Passion of the Christ_2004,7.2,127,370,612054506,47,19,0,0,1,0,0,0,0,Adequate
Mamma Mia!_2008,6.5,108,144,611257819,51,15,0,1,0,1,0,0,0,Adequate
Life of Pi_2012,7.9,127,124,609016565,79,11,0,0,1,0,0,0,0,Adequate
Transformers: The Last Knight_2017,5.2,154,130,605425157,27,6,1,0,0,0,0,1,0,Adequate
Madagascar: Escape 2 Africa_2008,6.6,89,180,603900354,61,15,0,1,0,0,0,0,0,Adequate
War of the Worlds_2005,6.5,116,234,603873119,73,18,1,0,0,0,0,1,0,Adequate
Tangled_2010,7.7,100,200,592462816,71,13,0,1,0,0,0,0,0,Adequate
Quantum of Solace_2008,6.6,106,168,589580482,58,15,1,0,0,0,0,0,0,Adequate
Men in Black_1997,7.3,98,250,589390539,71,26,1,1,0,0,0,0,0,Adequate
The Croods_2013,7.2,98,187,587235983,55,10,0,1,0,0,0,0,0,Adequate
The Hangover Part II_2011,6.4,102,254,586764305,44,12,0,1,0,0,0,0,0,Adequate
Iron Man_2008,7.9,126,318,585796247,79,15,1,0,0,0,0,1,0,High
I Am Legend_2007,7.2,101,256,585410052,65,16,1,0,1,0,0,1,0,Adequate
Ready Player One_2018,7.4,140,137,582918849,64,5,1,0,0,0,0,1,0,Adequate
"Monsters, Inc._2001",8.1,92,289,579707738,79,22,0,1,0,0,0,0,0,Adequate
Hong hai xing dong_2018,6.6,142,1,579330426,NULL,5,1,0,1,0,0,0,0,Low
Night at the Museum_2006,6.4,108,250,574481229,48,17,0,1,0,0,0,0,1,Adequate
Fifty Shades of Grey_2015,4.1,125,166,569651467,46,8,0,0,1,1,0,0,0,Adequate
Kong: Skull Island_2017,6.6,118,168,566652812,62,6,1,0,0,0,0,0,0,Adequate
The Smurfs_2011,5.4,103,142,563749323,30,12,0,1,0,0,0,0,0,Satisfactory
Cars 2_2011,6.2,106,191,559852396,57,12,0,1,0,0,0,0,0,Adequate
King Kong_2005,7.2,187,218,556906378,81,18,1,0,1,0,0,0,0,Adequate
Puss in Boots_2011,6.6,90,149,554987477,65,12,0,1,0,0,0,0,0,Adequate
Mei ren yu_2016,6.2,94,3,553810228,69,7,0,1,1,0,0,0,0,Low
Armageddon_1998,6.7,151,201,553709788,42,25,1,0,0,0,0,1,0,Adequate
The Day After Tomorrow_2004,6.4,124,186,552639571,47,19,1,0,0,0,0,1,0,Adequate
Ted_2012,6.9,106,218,549368315,62,11,0,1,0,0,0,0,0,Adequate
American Sniper_2014,7.3,133,350,547459020,72,9,1,0,1,0,0,0,0,Adequate
Mission: Impossible II_2000,6.1,123,215,546388108,59,23,1,0,0,0,0,0,0,Adequate
Tang ren jie tan an 2_2018,6.1,121,1,544185156,48,5,1,1,0,0,0,0,0,Low
X-Men: Apocalypse_2016,6.9,144,155,543934105,52,7,1,0,0,0,0,1,0,Adequate
Sherlock Holmes: A Game of Shadows_2011,7.4,129,186,543848418,48,12,1,0,0,0,0,0,0,Adequate
Despicable Me_2010,7.6,95,251,543157985,72,13,0,1,0,0,0,0,0,Adequate
Cinderella_2015,6.9,105,201,542358331,67,8,0,0,1,0,0,0,1,Adequate
Madagascar_2005,6.9,86,193,542063846,57,18,0,1,0,0,0,0,0,Adequate
World War Z_2013,7,116,202,540455876,63,10,1,0,0,0,1,0,0,Adequate
Brave_2012,7.1,93,237,538983207,69,11,0,1,0,0,0,0,0,Adequate
The Empire Strikes Back_1980,8.7,124,290,538375067,82,43,1,0,0,0,0,0,0,High
The Simpsons Movie_2007,7.3,87,183,536414293,80,16,0,1,0,0,0,0,0,Adequate
The Revenant_2015,8,156,183,532950503,76,8,1,0,1,0,0,0,0,Adequate
The Meg_2018,5.6,113,143,530517320,46,5,1,0,0,0,1,1,0,Adequate
Ralph Breaks the Internet_2018,7,112,201,529323962,71,5,0,1,0,0,0,0,0,Adequate
Hotel Transylvania 3: Summer Vacation_2018,6.3,97,167,528583774,54,5,0,1,0,0,0,0,0,Satisfactory
The Boss Baby_2017,6.3,97,175,527965936,50,6,0,1,0,0,0,0,0,Adequate
Dunkirk_2017,7.8,106,188,527016307,94,6,1,0,1,0,0,0,0,Adequate
Godzilla_2014,6.4,123,200,524976069,62,9,1,0,0,0,0,1,0,Adequate
How to Train Your Dragon: The Hidden World_2019,7.4,104,160,524580403,71,4,1,0,0,0,0,0,0,Adequate
Sherlock Holmes_2009,7.6,128,209,524028679,57,14,1,0,0,0,0,0,0,Adequate
Meet the Fockers_2004,6.3,115,279,522657936,41,19,0,1,0,1,0,0,0,Adequate
WALL-+E_2008,8.4,98,223,521311890,95,15,0,0,0,0,0,0,1,High
Kung Fu Panda 3_2016,7.1,95,143,521170825,66,7,1,0,0,0,0,0,0,Adequate
Terminator 2: Judgment Day_1991,8.6,137,204,520881154,75,32,1,0,0,0,0,1,0,High
Ant-Man_2015,7.3,117,180,519311965,64,8,1,1,0,0,0,0,0,Adequate
The Grinch_2018,6.3,85,270,512858819,51,5,0,1,0,0,0,0,1,Satisfactory
Venom: Let There Be Carnage_2021,5.9,97,213,506863592,49,2,1,0,0,0,0,1,0,Adequate
Ghost_1990,7.1,127,217,505703557,52,33,0,0,1,1,0,0,0,Adequate
Aladdin_1992,8,90,217,504050219,86,31,0,1,0,0,0,0,0,Adequate
Rio 2_2014,6.3,101,131,498781117,49,9,0,1,0,0,0,0,0,Satisfactory
Troy_2004,7.3,163,133,497409852,56,19,0,0,1,0,0,0,0,Adequate
Toy Story 2_1999,7.9,92,245,497375381,88,24,0,1,0,0,0,0,0,Adequate
How to Train Your Dragon_2010,8.1,98,217,494879471,75,13,1,0,0,0,0,0,0,Adequate
Twister_1996,6.4,113,241,494580615,68,27,1,0,0,0,0,0,0,Adequate
Oz the Great and Powerful_2013,6.3,130,234,493311825,44,10,0,0,0,0,0,0,1,Adequate
Clash of the Titans_2010,5.8,106,163,493214993,39,13,1,0,0,0,0,0,0,Adequate
Maleficent: Mistress of Evil_2019,6.6,119,113,491730089,43,4,0,0,0,0,0,0,1,Adequate
War for the Planet of the Apes_2017,7.4,140,146,490719763,82,6,1,0,1,0,0,0,0,Adequate
Shrek_2001,7.9,90,267,488351320,84,22,0,1,0,0,0,0,0,Adequate
Mr. & Mrs. Smith_2005,6.5,120,186,487287646,55,18,1,1,0,0,0,0,0,Adequate
Angels & Demons_2009,6.7,138,133,485930816,48,14,1,0,0,0,0,0,0,Adequate
Teenage Mutant Ninja Turtles_2014,5.8,101,191,485004754,31,9,1,1,0,0,0,0,0,Adequate
Bruce Almighty_2003,6.8,101,242,484592874,46,20,0,1,0,0,0,0,0,Adequate
Rio_2011,6.9,96,143,483866518,63,12,0,1,0,0,0,0,0,Adequate
Saving Private Ryan_1998,8.6,169,216,482349603,91,25,0,0,1,0,0,0,0,High
Rise of the Planet of the Apes_2011,7.6,105,176,481800873,68,12,1,0,1,0,0,1,0,Adequate
Home Alone_1990,7.7,103,285,476684675,63,33,0,1,0,0,0,0,1,Adequate
Hotel Transylvania 2_2015,6.6,89,169,475186706,44,8,0,1,0,0,0,0,0,Adequate
Star Wars: Episode VI - Return of the Jedi_1983,8.3,131,309,475106177,58,40,1,0,0,0,0,0,0,High
Charlie and the Chocolate Factory_2005,6.7,115,206,474968763,72,18,0,1,0,0,0,0,1,Adequate
Indiana Jones and the Last Crusade_1989,8.2,127,197,474171806,65,34,1,0,0,0,0,0,0,Adequate
Jaws_1975,8.1,124,260,474141300,87,48,0,0,0,0,0,0,0,Adequate
San Andreas_2015,6.1,114,155,474009154,43,8,1,0,0,0,0,0,0,Adequate
It Chapter Two_2019,6.5,169,211,473122525,58,4,0,0,1,0,1,0,0,Adequate
Wreck-It Ralph_2012,7.7,101,189,471222889,72,11,0,1,0,0,0,0,0,Adequate
Godzilla vs. Kong_2021,6.3,113,100,470067014,59,2,1,0,0,0,0,1,0,Adequate
The Hangover_2009,7.7,100,277,469328079,73,14,0,1,0,0,0,0,0,Adequate
The Lego Movie_2014,7.7,100,257,468266122,83,9,1,0,0,0,0,0,0,Adequate
Bumblebee_2018,6.7,114,127,467989645,66,5,1,0,0,0,0,1,0,Adequate
Star Trek Into Darkness_2013,7.7,132,228,467365246,72,10,1,0,0,0,0,1,0,Adequate
The Matrix_1999,8.7,136,171,467222728,73,24,1,0,0,0,0,1,0,High
Gladiator_2000,8.5,155,187,465380802,67,23,1,0,1,0,0,0,0,High
Pretty Woman_1990,7.1,119,178,463406268,51,33,0,1,0,1,0,0,0,Adequate
Cars_2006,7.2,117,244,461991867,73,17,0,1,0,0,0,0,0,Adequate
Ba bai_2020,6.7,149,0,461421559,64,3,1,0,1,0,0,0,0,Low
X-Men: The Last Stand_2006,6.6,104,234,460435291,58,17,1,0,0,0,0,1,0,Adequate
National Treasure: Book of Secrets_2007,6.5,124,219,459242249,48,16,1,0,0,0,0,0,0,Adequate
Lucy_2014,6.4,89,126,458863600,61,9,1,0,0,0,0,1,0,Adequate
Mission: Impossible_1996,7.1,110,180,457696391,59,27,1,0,0,0,0,0,0,Adequate
300_2006,7.6,117,210,456082343,52,17,1,0,1,0,0,0,0,Adequate
The Last Samurai_2003,7.8,154,111,454627263,55,20,1,0,1,0,0,0,0,Adequate
Kimetsu no Yaiba: Mugen Ressha-Hen_2020,8.2,117,47,453210959,72,3,1,0,0,0,0,0,0,Satisfactory
Wo bu shi yao shen_2018,7.8,117,0,451183391,63,5,0,1,1,0,0,0,0,Low
Ocean's Eleven_2001,7.7,116,183,450717150,74,22,0,0,0,0,0,0,0,Adequate
Wo he wo de zu guo_2019,6.3,154,2,450064993,NULL,4,0,0,1,0,0,0,0,Low
Thor_2011,7,115,181,449326618,57,12,1,0,0,0,0,0,0,Adequate
Pearl Harbor_2001,6.2,183,198,449220945,44,22,1,0,1,0,0,0,0,Adequate
La La Land_2016,8,128,151,448906865,94,7,0,1,1,0,0,0,0,Adequate
Tarzan_1999,7.3,88,171,448191819,79,24,0,1,0,0,0,0,0,Adequate
Men in Black II_2002,6.1,88,190,445135288,49,21,1,1,0,0,0,0,0,Adequate
The Bourne Ultimatum_2007,8,115,227,444100035,85,16,1,0,0,0,0,0,0,Adequate
The Mummy Returns_2001,6.4,130,202,443280904,48,22,1,0,0,0,0,0,0,Adequate
Alvin and the Chipmunks: The Squeakquel_2009,4.5,88,219,443140005,41,14,0,1,0,0,0,0,0,Satisfactory
Les Mis+¬rables_2012,7.5,158,148,442299309,63,11,0,0,1,1,0,0,0,Adequate
The Exorcist_1973,8.1,122,232,441306145,81,50,0,0,0,0,1,0,0,Adequate
Mrs. Doubtfire_1993,7.1,125,219,441286195,53,30,0,1,1,0,0,0,0,Adequate
Terminator Genisys_2015,6.3,126,89,440603537,38,8,1,0,0,0,0,1,0,Adequate
Warcraft_2016,6.7,123,47,439048914,32,7,1,0,0,0,0,0,0,Adequate
A Star Is Born_2018,7.6,136,215,436233122,88,5,0,0,1,1,0,0,0,Adequate
The Greatest Showman_2017,7.5,105,174,435732529,48,6,0,0,1,0,0,0,0,Adequate
Terminator 3: Rise of the Machines_2003,6.3,109,150,433371112,66,20,1,0,0,0,0,1,0,Adequate
Pok+¬mon: Detective Pikachu_2019,6.5,104,144,433230304,53,4,1,1,0,0,0,0,0,Adequate
Shang-Chi and the Legend of the Ten Rings_2021,7.4,132,224,432243292,71,2,1,0,0,0,0,0,0,Adequate
Die Another Day_2002,6.1,133,160,431971116,56,21,1,0,0,0,0,0,0,Adequate
The Secret Life of Pets 2_2019,6.4,86,158,430051293,55,4,0,1,0,0,0,0,0,Satisfactory
Cast Away_2000,7.8,143,233,429632142,73,23,0,0,1,1,0,0,0,Adequate
Rampage_2018,6.1,107,101,428028233,45,5,1,0,0,0,0,1,0,Adequate
The King's Speech_2010,8,118,138,427374317,88,13,0,0,1,0,0,0,0,Adequate
The Matrix Revolutions_2003,6.7,129,139,427344325,47,20,1,0,0,0,0,1,0,Adequate
The Intouchables_2011,8.5,112,13,426588510,57,12,0,1,1,0,0,0,0,Adequate
Bad Boys for Life_2020,6.5,124,206,426505244,59,3,1,1,0,0,0,0,0,Adequate
Django Unchained_2012,8.4,165,162,426074373,81,11,0,0,1,0,0,0,0,High
Beauty and the Beast_1991,8,84,218,424967620,95,32,0,0,0,0,0,0,1,Adequate
Dances with Wolves_1990,8,181,184,424208848,72,33,0,0,1,0,0,0,0,Adequate
Wo he wo de jia xiang_2020,6.5,153,0,422390820,NULL,3,0,0,1,0,0,0,0,Unconsiderable
The Chronicles of Narnia: Prince Caspian_2008,6.5,150,141,419665568,62,15,1,0,0,0,0,0,1,Adequate
Sex and the City_2008,5.7,145,152,418765519,53,15,0,1,1,1,0,0,0,Adequate
Zhong guo ji zhang_2019,6.2,111,0,417282021,NULL,4,1,0,1,0,0,0,0,Low
The Mummy_1999,7.1,124,155,415933406,48,24,1,0,0,0,0,0,0,Adequate
The Chronicles of Narnia: The Voyage of the Dawn Treader_2010,6.3,113,104,415686217,53,13,0,0,0,0,0,0,1,Adequate
Jason Bourne_2016,6.6,123,162,415484914,58,7,1,0,0,0,0,0,0,Adequate
The Wolverine_2013,6.7,126,132,414828246,61,10,1,0,0,0,0,1,0,Adequate
Kingsman: The Secret Service_2014,7.7,129,128,414351546,60,9,1,1,0,0,0,0,0,Adequate
Night at the Museum: Battle of the Smithsonian_2009,6,105,177,413106170,42,14,0,1,0,0,0,0,1,Adequate
Batman_1989,7.5,126,251,411569241,69,34,1,0,0,0,0,0,0,Adequate
The Bodyguard_1992,6.3,129,121,411046449,39,31,1,0,1,0,0,0,0,Adequate
Pacific Rim_2013,6.9,131,101,411002906,65,10,1,0,0,0,0,1,0,Adequate
Kingsman: The Golden Circle_2017,6.7,141,100,410902662,44,6,1,1,0,0,0,0,0,Adequate
The Mummy_2017,5.4,111,80,409231607,34,6,1,0,0,0,0,0,0,Adequate
Sing 2_2021,7.4,110,162,408837044,49,2,0,1,0,0,0,0,0,Satisfactory
Ice Age: Collision Course_2016,5.6,94,64,408754975,34,7,0,1,0,0,0,0,0,Satisfactory
Twilight_2008,5.3,122,191,408430415,56,15,0,0,1,1,0,0,0,Adequate
Signs_2002,6.8,106,227,408247917,59,21,0,0,1,0,0,1,0,Adequate
X2_2003,7.4,134,214,407711549,68,20,1,0,0,0,0,1,0,Adequate
Fantastic Beasts: The Secrets of Dumbledore_2022,6.2,142,0,405161334,47,1,0,0,0,0,0,0,1,Adequate
Alita: Battle Angel_2019,7.3,122,85,404980543,53,4,1,0,0,0,0,1,0,Adequate
The Mummy: Tomb of the Dragon Emperor_2008,5.2,112,102,403449830,31,15,1,0,0,0,0,0,0,Adequate
Prometheus_2012,7,124,126,403354469,64,11,0,0,0,0,0,1,0,Adequate
Gone with the Wind_1939,8.2,238,198,402382193,97,84,0,0,1,1,0,0,0,Adequate
Mamma Mia! Here We Go Again_2018,6.6,114,120,402263497,60,5,0,1,0,1,0,0,0,Satisfactory
Eternals_2021,6.3,156,164,402064899,52,2,1,0,0,0,0,0,0,Adequate
Sonic the Hedgehog 2_2022,6.5,122,0,401872904,47,1,1,1,0,0,0,0,0,Satisfactory
Dune: Part One_2021,8,155,108,401847900,74,2,1,0,1,0,0,0,0,Adequate
Uncharted_2022,6.3,116,0,401748820,45,1,1,0,0,0,0,0,0,Adequate
Tron_2010,6.8,125,172,400063852,49,13,1,0,0,0,0,1,0,Adequate
Mission: Impossible III_2006,6.9,126,134,398479497,66,17,1,0,0,0,0,0,0,Adequate
Snow White and the Huntsman_2012,6.1,127,155,396592829,57,11,1,0,1,0,0,0,0,Adequate
Grease_1978,7.2,110,188,396271103,70,45,0,1,0,1,0,0,0,Adequate
Toy Story_1995,8.3,81,191,394436586,95,28,0,1,0,0,0,0,0,Adequate
Solo: A Star Wars Story_2018,6.9,135,213,392924807,62,5,1,0,0,0,0,1,0,Adequate
The Wolf of Wall Street_2013,8.2,180,116,392000694,75,10,0,1,0,0,0,0,0,High
Superman Returns_2006,6.1,154,200,391081192,72,17,1,0,0,0,0,1,0,Adequate
Robin Hood: Prince of Thieves_1991,6.9,143,165,390493908,51,32,1,0,1,0,0,0,0,Adequate
Raiders of the Lost Ark_1981,8.4,115,248,389925971,85,42,1,0,0,0,0,0,0,Adequate
Independence Day: Resurgence_2016,5.2,120,103,389681935,32,7,1,0,0,0,0,1,0,Adequate
Live Free or Die Hard_2007,7.1,128,134,388156011,69,16,1,0,0,0,0,0,0,Adequate
Zhuo yao ji_2015,6.1,117,0,387053506,53,8,0,1,0,0,0,0,0,Low
Godzilla: King of the Monsters_2019,6,132,110,386600138,48,4,1,0,0,0,0,0,0,Adequate
Home_2015,6.6,94,177,386041607,55,8,0,1,0,0,0,0,0,Adequate
Star Trek_2009,7.9,127,257,385680446,82,14,1,0,0,0,0,1,0,Adequate
1917_2019,8.2,119,159,384919389,78,4,1,0,1,0,0,0,0,Adequate
Happy Feet_2006,6.4,108,198,384336108,77,17,0,1,0,0,0,0,0,Adequate
Cars 3_2017,6.7,102,152,383930656,59,6,0,1,0,0,0,0,0,Adequate
Back to the Future_1985,8.5,116,210,383336762,87,38,0,1,0,0,0,1,0,High
Ice Age_2002,7.5,81,176,383257136,61,21,0,1,0,0,0,0,0,Adequate
Fifty Shades Darker_2017,4.5,118,114,381545846,33,6,0,0,1,1,0,0,0,Adequate
Monsters vs. Aliens_2009,6.4,94,198,381509870,56,14,1,0,0,0,0,0,0,Adequate
Black Widow_2021,6.7,134,183,379751655,67,2,1,0,0,0,0,1,0,Adequate
Godzilla_1998,5.4,139,136,379014294,32,25,1,0,0,0,0,1,0,Adequate
True Lies_1994,7.3,141,146,378882411,63,29,1,1,0,0,0,0,0,Adequate
Slumdog Millionaire_2008,8,120,141,378410542,84,15,0,0,1,1,0,0,0,Adequate
Taken 2_2012,6.2,92,139,376152455,45,11,1,0,0,0,0,0,0,Adequate
G.I. Joe: Retaliation_2013,5.7,110,122,375740705,41,10,1,0,0,0,0,1,0,Adequate
Mad Max: Fury Road_2015,8.1,120,154,375709470,90,8,1,0,0,0,0,1,0,Adequate
Spider-Man: Into the Spider-Verse_2018,8.4,117,190,375540831,87,5,1,0,0,0,0,0,0,Adequate
Shark Tale_2004,6,90,160,374583879,48,19,0,1,0,0,0,0,0,Adequate
Once Upon a Time... in Hollywood_2019,7.6,161,142,374565754,83,4,0,1,1,0,0,0,0,Adequate
What Women Want_2000,6.4,127,182,374111707,47,23,0,1,0,1,0,0,0,Adequate
The Adventures of Tintin_2011,7.3,107,77,373993951,68,12,1,0,0,0,0,0,0,Adequate
Batman Begins_2005,8.2,140,206,373672993,70,18,1,0,1,0,0,0,0,High
Penguins of Madagascar_2014,6.6,92,83,373515621,53,9,0,1,0,0,0,0,0,Satisfactory
X-Men Origins: Wolverine_2009,6.5,107,179,373062864,40,14,1,0,0,0,0,1,0,Adequate
The Golden Compass_2007,6.1,113,70,372234864,51,16,0,0,0,0,0,0,1,Adequate
Fifty Shades Freed_2018,4.5,105,100,371985018,31,5,0,0,1,1,0,0,0,Satisfactory
Hitch_2005,6.6,118,179,371594210,58,18,0,1,0,1,0,0,0,Adequate
Terminator Salvation_2009,6.5,115,125,371353001,49,14,1,0,0,0,0,1,0,Adequate
Captain America: The First Avenger_2011,6.9,124,176,370569774,66,12,1,0,0,0,0,1,0,Adequate
Edge of Tomorrow_2014,7.9,113,100,370541256,71,9,1,0,0,0,0,1,0,Adequate
There's Something About Mary_1998,7.1,119,176,369884651,69,25,0,1,0,1,0,0,0,Adequate
Gone Girl_2014,8.1,149,167,369330363,79,9,0,0,1,0,0,0,0,Adequate
The Fugitive_1993,7.8,130,183,368875760,87,30,1,0,1,0,0,0,0,Adequate
Jurassic Park III_2001,5.9,92,181,368780809,42,22,1,0,0,0,0,1,0,Adequate
My Big Fat Greek Wedding_2002,6.6,95,241,368744044,62,21,0,1,1,1,0,0,0,Adequate
Xi hong shi shou fu_2018,6.1,118,0,366961907,NULL,5,0,1,0,0,0,0,0,Low
Die Hard: With a Vengeance_1995,7.6,128,100,366101666,58,28,1,0,0,0,0,0,0,Adequate
Shazam!_2019,7,132,140,366080049,71,4,1,1,0,0,0,0,0,Adequate
The Nun_2018,5.3,96,117,365582797,46,5,0,0,0,0,1,0,0,Adequate
Alvin and the Chipmunks_2007,5.2,92,217,365352546,39,16,0,1,0,0,0,0,0,Satisfactory
Tenet_2020,7.3,150,58,365294355,69,3,1,0,0,0,0,1,0,Adequate
Notting Hill_1999,7.2,124,116,363889678,68,24,0,1,1,1,0,0,0,Adequate
A Bug's Life_1998,7.2,95,162,363258859,77,25,0,1,0,0,0,0,0,Adequate
Night at the Museum: Secret of the Tomb_2014,6.2,98,113,363204635,47,9,0,1,0,0,0,0,1,Adequate
Ocean's Twelve_2004,6.5,125,125,362744280,58,19,0,0,0,0,0,0,0,Adequate
Planet of the Apes_2001,5.7,119,180,362211740,50,22,1,0,0,0,0,1,0,Adequate
The Hangover Part III_2013,5.8,100,112,362000072,30,10,0,1,0,0,0,0,0,Adequate
The World Is Not Enough_1999,6.4,128,126,361832400,57,24,1,0,0,0,0,0,0,Adequate
Zhuo yao ji 2_2018,5.4,110,0,361682618,63,5,0,1,0,0,0,0,0,Low
Fast & Furious_2009,6.5,107,155,360366870,46,14,1,0,0,0,0,0,0,Adequate
Noah_2014,5.8,138,101,359200044,68,9,1,0,1,0,0,0,0,Adequate
The Karate Kid_2010,6.2,140,176,359126022,61,13,1,0,1,0,0,0,1,Adequate
Home Alone 2: Lost in New York_1992,6.8,120,173,358994850,46,31,0,1,0,0,0,0,0,Adequate
Hotel Transylvania_2012,7,91,148,358375603,47,11,0,1,0,0,0,0,0,Adequate
Minority Report_2002,7.7,145,132,358372926,80,21,1,0,0,0,0,0,0,Adequate
Kimi no na wa._2016,8.4,106,5,358180115,79,7,0,0,1,0,0,0,0,Adequate
Top Gun_1986,6.9,110,179,357288178,50,37,1,0,1,0,0,0,0,Adequate
The Legend of Tarzan_2016,6.2,110,126,356700357,44,7,1,0,1,0,0,0,0,Adequate
American Beauty_1999,8.4,122,130,356296601,84,24,0,0,1,0,0,0,0,High
Sen to Chihiro no kamikakushi_2001,8.6,125,10,355725195,96,22,0,0,0,0,0,0,1,Adequate
Apollo 13_1995,7.7,140,173,355237933,77,28,0,0,1,0,0,0,0,Adequate
Rain Man_1988,8,133,178,354825435,65,35,0,0,1,0,0,0,0,Adequate
The Great Gatsby_2013,7.2,143,144,353659851,55,10,0,0,1,1,0,0,0,Adequate
Dumbo_2019,6.3,112,114,353284621,51,4,0,0,0,0,0,0,1,Satisfactory
"I, Robot_2004",7.1,115,144,353133898,59,19,1,0,0,0,0,1,0,Adequate
Basic Instinct_1992,7,127,117,352927224,41,31,0,0,1,0,0,0,0,Adequate
Murder on the Orient Express_2017,6.5,114,102,352794081,52,6,0,0,1,0,0,0,0,Adequate
X: First Class_2011,7.7,131,146,352616690,65,12,1,0,0,0,0,1,0,Adequate
Angry Birds_2016,6.3,97,107,352333929,43,7,1,0,0,0,0,0,0,Satisfactory
GoldenEye_1995,7.2,130,106,352194034,65,28,1,0,0,0,0,0,0,Adequate
Catch Me If You Can_2002,8.1,141,164,352114312,75,21,0,0,1,0,0,0,0,Adequate
Now You See Me_2013,7.2,115,117,351723989,50,10,0,0,0,0,0,0,0,Adequate
Hannibal_2001,6.8,131,165,351692268,57,22,0,0,1,0,0,0,0,Adequate
The Mask_1994,6.9,101,119,351583407,56,29,1,1,0,0,0,0,0,Adequate
Peter Rabbit_2018,6.6,95,115,351496066,51,5,0,1,0,0,0,0,0,Satisfactory
Speed_1994,7.3,116,121,350448145,78,29,1,0,0,0,0,0,0,Adequate
Dinosaur_2000,6.4,82,137,349822765,56,23,0,0,1,0,0,0,0,Satisfactory
Mary Poppins Returns_2018,6.7,130,171,349546142,66,5,0,1,0,0,0,0,0,Satisfactory
Deep Impact_1998,6.2,120,140,349464664,40,25,1,0,1,0,0,1,0,Adequate
The Lorax_2012,6.4,86,214,349183316,46,11,0,1,0,0,0,0,0,Adequate
The Maze Runner_2014,6.8,113,102,348319861,57,9,1,0,0,0,0,1,0,Adequate
The Smurfs 2_2013,5.3,105,71,347545360,34,10,0,1,0,0,0,0,0,Satisfactory
National Treasure_2004,6.9,131,173,347512318,39,19,1,0,0,0,0,0,0,Adequate
Rush Hour 2_2001,6.6,90,226,347325802,48,22,1,1,0,0,0,0,0,Adequate
Trolls_2016,6.4,92,153,347182886,55,7,0,1,0,0,0,0,0,Satisfactory
xXx: Return of Xander Cage_2017,5.2,107,44,346118277,42,6,1,0,0,0,0,0,0,Satisfactory
Pocahontas_1995,6.7,81,141,346079773,58,28,0,0,1,0,0,0,0,Adequate
How the Grinch Stole Christmas_2000,6.2,104,260,345823032,46,23,0,1,0,0,0,0,1,Adequate
Star Trek Beyond_2016,7,122,158,343471816,68,7,1,0,0,0,0,1,0,Adequate
Alvin and the Chipmunks: Chipwrecked_2011,4.3,87,133,342695435,24,12,0,1,0,0,0,0,0,Satisfactory
Wanted_2008,6.7,110,134,342463063,64,15,1,0,0,0,0,0,0,Adequate
The Flintstones_1994,4.9,91,130,341631208,38,29,0,1,0,0,0,0,1,Satisfactory
A Quiet Place_2018,7.5,90,188,340952971,82,5,0,0,1,0,1,1,0,Adequate
Enchanted_2007,7.1,107,127,340487836,75,16,0,1,0,0,0,0,0,Adequate
Over the Hedge_2006,6.7,83,155,339795890,67,17,0,1,0,0,0,0,0,Adequate
300: Rise of an Empire_2014,6.2,102,106,337580051,48,9,1,0,1,0,0,0,0,Adequate
Batman Forever_1995,5.4,121,184,336567158,51,28,1,0,0,0,0,0,0,Adequate
Prince of Persia: The Sands of Time_2010,6.6,116,90,336365676,50,13,1,0,0,0,0,0,0,Adequate
The Curious Case of Benjamin Button_2008,7.8,166,127,335802786,70,15,0,0,1,1,0,0,0,Adequate
Journey 2: The Mysterious Island_2012,5.7,94,103,335287748,41,11,1,1,0,0,0,0,0,Adequate
The Rock_1996,7.4,136,134,335062621,58,27,1,0,0,0,0,0,0,Adequate
The Great Wall_2016,5.9,103,45,334933831,42,7,1,0,0,0,0,0,0,Adequate
Now You See Me 2_2016,6.4,129,65,334897606,46,7,1,1,0,0,0,0,0,Adequate
Xiu xiu de tie quan_2017,6.1,100,0,334530869,NULL,6,0,1,0,0,0,0,0,Low
Fantastic Four_2005,5.7,106,154,333535934,40,18,1,0,0,0,0,0,0,Adequate
Indiana Jones and the Temple of Doom_1984,7.5,118,179,333107271,57,39,1,0,0,0,0,0,0,Adequate
Tomorrow Never Dies_1997,6.5,119,125,333011068,52,26,1,0,0,0,0,0,0,Adequate
Back to the Future Part II_1989,7.8,108,118,332500002,57,34,0,1,0,0,0,1,0,Adequate
The Good Dinosaur_2015,6.7,93,123,332207671,66,8,0,1,0,0,0,0,0,Adequate
Free Guy_2021,7.1,115,121,331526598,62,2,1,1,0,0,0,0,0,Adequate
22 Jump Street_2014,7,112,191,331333876,71,9,1,1,0,0,0,0,0,Adequate
Meet the Parents_2000,7,108,166,330444045,73,23,0,1,0,1,0,0,0,Adequate
Who Framed Roger Rabbit_1988,7.7,104,156,329803958,83,35,0,1,0,0,0,0,0,Adequate
Black Swan_2010,8,108,106,329398046,79,13,0,0,1,0,0,0,0,Adequate
The Perfect Storm_2000,6.4,130,182,328718434,59,23,1,0,1,0,0,0,0,Adequate
Crocodile Dundee_1986,6.6,97,174,328203506,62,37,1,1,0,0,0,0,0,Adequate
Feng kuang de wai xing ren_2019,5.8,116,0,327598891,NULL,4,0,1,0,0,0,1,0,Low
Se7en_1995,8.6,127,100,327333559,65,28,0,0,1,0,0,0,0,High
John Wick: Chapter 3 - Parabellum_2019,7.4,130,171,327281779,73,4,1,0,0,0,0,0,0,Adequate
The Devil Wears Prada_2006,6.9,109,124,326706115,62,17,0,1,1,0,0,0,0,Adequate
Taken 3_2014,6,108,89,326479141,26,9,1,0,0,0,0,0,0,Adequate
The Hunchback of Notre Dame_1996,7,91,100,325338851,74,27,0,0,1,0,0,0,1,Adequate
A Christmas Carol_2009,6.8,96,137,325286646,55,14,0,1,0,0,0,0,0,Adequate
The SpongeBob Movie: Sponge Out of Water_2015,6,92,162,325186032,62,8,0,1,0,0,0,0,0,Satisfactory
Schindler's List_1993,9,195,96,322161245,94,30,0,0,1,0,0,0,0,High
Megamind_2010,7.3,95,148,321885765,63,13,1,1,0,0,0,0,0,Adequate
The Conjuring 2_2016,7.3,134,102,321834351,65,7,0,0,0,0,1,0,0,Adequate
Green Book_2018,8.2,130,85,321752656,69,5,0,1,1,0,0,0,0,Adequate
Lethal Weapon 3_1992,6.7,118,144,321731527,40,31,1,0,0,0,0,0,0,Adequate
Robin Hood_2010,6.6,140,105,321669741,53,13,1,0,1,0,0,0,0,Adequate
Inglourious Basterds_2009,8.3,153,120,321457747,69,14,0,0,1,0,0,0,0,High
101 Dalmatians_1996,5.7,103,136,320689294,49,27,0,1,0,0,0,0,0,Adequate
The Conjuring_2013,7.5,112,137,320406242,68,10,0,0,0,0,1,0,0,Adequate
Fatal Attraction_1987,6.9,119,156,320145693,67,36,0,0,1,0,0,0,0,Satisfactory
Sonic the Hedgehog_2020,6.5,99,148,319715683,47,3,1,1,0,0,0,0,0,Adequate
The Last Airbender_2010,4,103,131,319713881,20,13,1,0,0,0,0,0,1,Adequate
The Proposal_2009,6.7,108,163,317375031,48,14,0,1,1,1,0,0,0,Adequate
A Beautiful Mind_2001,8.2,135,170,316791257,72,22,0,0,1,0,0,0,0,Adequate
Beverly Hills Cop_1984,7.3,105,234,316360478,66,39,1,1,0,0,0,0,0,Adequate
The Polar Express_2004,6.6,100,183,315249768,61,19,0,1,0,0,0,0,0,Adequate
Air Force One_1997,6.5,124,172,315156409,61,26,1,0,1,0,0,0,0,Adequate
The Expendables 2_2012,6.6,103,85,314975955,51,11,1,0,0,0,0,0,0,Adequate
Chicken Little_2005,5.7,81,135,314432837,48,18,0,1,0,0,0,0,0,Satisfactory
As Good as It Gets_1997,7.7,139,148,314178011,67,26,0,1,1,1,0,0,0,Adequate
Maze Runner: The Scorch Trials_2015,6.3,131,81,312296056,43,8,1,0,0,0,0,1,0,Adequate
Resident Evil: The Final Chapter_2016,5.5,107,26,312242626,49,7,1,0,0,0,1,1,0,Satisfactory
The Lego Batman Movie_2017,7.3,104,175,312136671,75,6,1,0,0,0,0,0,0,Adequate
Austin Powers: The Spy Who Shagged Me_1999,6.6,95,206,312016928,59,24,1,1,0,0,0,0,0,Adequate
Knives Out_2019,7.9,130,165,311605581,82,4,0,1,1,0,0,0,0,Adequate
Ocean's Thirteen_2007,6.9,122,117,311312624,62,16,0,0,0,0,0,0,0,Adequate
Little Fockers_2010,5.5,98,148,310650585,27,13,0,1,0,1,0,0,0,Adequate
Bolt_2008,6.8,96,114,309979994,67,15,0,1,0,0,0,0,0,Adequate
Ransom_1996,6.7,121,136,309492681,60,27,1,0,0,0,0,0,0,Adequate
Runaway Bride_1999,5.6,116,152,309460292,39,24,0,1,0,1,0,0,0,Satisfactory
The Blind Side_2009,7.6,129,255,309231694,53,14,0,0,1,0,0,0,0,Adequate
Qian ren 3: Zai jian qian ren_2017,5.6,120,0,307592427,NULL,6,0,1,0,1,0,0,0,Unconsiderable
The Fault in Our Stars_2014,7.7,126,124,307166834,69,9,0,0,1,1,0,0,0,Adequate
The Pursuit of Happyness_2006,8,117,163,307127625,64,17,0,0,1,0,0,0,0,Adequate
Rise of the Guardians_2012,7.2,97,103,306941670,58,11,1,0,0,0,0,0,0,Adequate
Close Encounters of the Third Kind_1977,7.6,138,132,306889114,90,46,0,0,1,0,0,1,0,Adequate
Chicago_2002,7.2,113,170,306776732,81,21,0,1,0,0,0,0,0,Adequate
Annabelle: Creation_2017,6.5,109,102,306515884,62,6,0,0,0,0,1,0,0,Adequate
Wonder_2017,7.9,113,132,306209289,66,6,0,0,1,0,0,0,1,Adequate
Skyscraper_2018,5.8,102,68,304868961,51,5,1,0,0,0,0,0,0,Adequate
A Good Day to Die Hard_2013,5.2,98,67,304654182,28,10,1,0,0,0,0,0,0,Adequate
Mulan_1998,7.6,88,120,304320254,71,25,0,1,0,0,0,0,0,Adequate
Dangal_2016,8.3,161,12,303723636,NULL,7,1,0,1,0,0,0,0,Adequate
Passengers_2016,7,116,100,303144152,41,7,0,0,1,1,0,1,0,Adequate
Battleship_2012,5.8,131,65,303025485,41,11,1,0,0,0,0,1,0,Adequate
Liar Liar_1997,6.9,86,181,302710615,70,26,0,1,0,0,0,0,0,Adequate
G.I. Joe: The Rise of Cobra_2009,5.7,118,152,302469017,32,14,1,0,0,0,0,1,0,Adequate
Wrath of the Titans_2012,5.7,99,83,301970083,37,11,1,0,0,0,0,0,0,Adequate
4: Rise of the Silver Surfer_2007,5.6,92,131,301913131,45,16,1,0,0,0,0,0,0,Adequate
Hook_1991,6.8,142,119,300854823,52,32,0,1,0,0,0,0,1,Adequate
Superman_1978,7.4,143,134,300478449,81,45,1,0,0,0,0,1,0,Adequate
Rocky IV_1985,6.8,91,127,300473716,40,38,0,0,1,0,0,0,0,Adequate
Rambo: First Blood Part II_1985,6.5,96,150,300400432,47,38,1,0,0,0,0,0,0,Adequate
Resident Evil: Afterlife_2010,5.8,96,60,300228084,37,13,1,0,0,0,1,1,0,Adequate
Van Helsing_2004,6,131,120,300157638,35,19,1,0,0,0,0,0,0,Adequate
Stuart Little_1999,6,84,140,300135367,61,24,0,1,0,0,0,0,1,Adequate
Beverly Hills Cop II_1987,6.5,100,153,299965036,48,36,1,1,0,0,0,0,0,Adequate
Alice Through the Looking Glass_2016,6.2,113,77,299820798,34,7,0,0,0,0,0,0,1,Adequate
My Best Friend's Wedding_1997,6.3,105,127,299288605,50,26,0,1,1,1,0,0,0,Adequate
Real Steel_2011,7,127,85,299268508,56,12,1,0,1,0,0,1,0,Adequate
Horton Hears a Who!_2008,6.8,86,154,298572799,71,15,0,1,0,0,0,0,0,Adequate
Ocean's Eight_2018,6.3,110,140,297795726,61,5,1,1,0,0,0,0,0,Adequate
A Quiet Place Part II_2020,7.2,97,160,297372261,71,3,0,0,1,0,1,1,0,Adequate
Insurgent_2015,6.2,119,130,297002527,42,8,1,0,0,0,0,1,0,Adequate
Look Who's Talking_1989,5.9,93,140,296999813,51,34,0,1,0,0,0,0,0,Satisfactory
Austin Powers in Goldmember_2002,6.2,94,213,296938801,62,21,1,1,0,0,0,0,0,Adequate
Ghostbusters_1984,7.8,105,238,296578797,71,39,1,1,0,0,0,0,0,Adequate
Miss Peregrine's Home for Peculiar Children_2016,6.7,127,87,296482446,57,7,0,0,1,0,0,0,1,Adequate
X-Men_2000,7.3,104,157,296339528,64,23,1,0,0,0,0,1,0,Adequate
Ferdinand_2017,6.7,108,84,296069199,58,6,0,1,0,0,0,0,0,Satisfactory
Shutter Island_2010,8.2,138,128,294805697,63,13,0,0,0,0,0,0,0,High
Doctor Dolittle_1998,5.4,85,144,294456605,46,25,0,1,0,0,0,0,1,Satisfactory
Bee Movie_2007,6.1,91,126,293514336,54,16,0,1,0,0,0,0,0,Adequate
Salt_2010,6.4,100,118,293503354,65,13,1,0,0,0,0,0,0,Adequate
G-Force_2009,5.1,88,119,292817898,41,14,1,0,0,0,0,0,0,Satisfactory
The Departed_2006,8.5,151,132,291480452,85,17,0,0,1,0,0,0,0,High
What Lies Beneath_2000,6.6,130,155,291420351,51,23,0,0,1,0,1,0,0,Adequate
Pacific Rim: Uprising_2018,5.6,111,59,290930148,44,5,1,0,0,0,0,0,0,Adequate
The Bourne Supremacy_2004,7.7,108,176,290835269,73,19,1,0,0,0,0,0,0,Adequate
Sex and the City 2_2010,4.5,146,95,290745055,27,13,0,1,1,1,0,0,0,Satisfactory
Shakespeare in Love_1998,7.1,123,100,289317794,87,25,0,1,1,0,0,0,0,Adequate
Divergent_2014,6.6,139,150,288885818,48,9,1,0,0,0,0,0,0,Adequate
Coming to America_1988,7.1,117,128,288752301,47,35,0,1,0,1,0,0,0,Adequate
Wedding Crashers_2005,7,119,209,288485135,64,18,0,1,0,1,0,0,0,Adequate
Bridesmaids_2011,6.8,125,169,288383523,75,12,0,1,0,1,0,0,0,Adequate
Maze Runner: The Death Cure_2018,6.2,143,58,288175335,50,5,1,0,0,0,0,1,0,Adequate
Casper_1995,6.1,100,100,287928194,49,28,0,1,0,0,0,0,1,Adequate
American Pie 2_2001,6.4,108,145,287553595,43,22,0,1,0,0,0,0,0,Adequate
Pitch Perfect 2_2015,6.4,115,184,287144079,63,8,0,1,0,0,0,0,0,Adequate
The Green Mile_1999,8.6,189,136,286801374,61,24,0,0,1,0,0,0,0,High
Oblivion_2013,7,124,89,286168572,54,10,1,0,0,0,0,1,0,Adequate
Elysium_2013,6.6,109,93,286140700,61,10,1,0,1,0,0,1,0,Adequate
Lethal Weapon 4_1998,6.6,127,130,285444603,37,25,1,0,0,0,0,0,0,Adequate
John Carter_2012,6.6,132,73,284139100,51,11,1,0,0,0,0,1,0,Adequate
Turbo_2013,6.4,96,83,282570682,58,10,0,1,0,0,0,0,0,Satisfactory
Paddington_2014,7.3,95,76,282377683,77,9,0,1,0,0,0,0,1,Adequate
Bridget Jones's Diary_2001,6.7,97,71,281995610,66,22,0,1,1,1,0,0,0,Adequate
Elvis_2022,7.5,159,0,281050000,64,1,0,0,1,0,0,0,0,Adequate
The Tourist_2010,6,103,67,278780441,37,13,1,0,0,0,0,0,0,Adequate
Split_,7.3,117,138,278454417,62,NULL,0,0,0,0,1,0,0,Adequate
Scary Movie_2000,6.2,88,157,278019771,48,23,0,1,0,0,0,0,0,Adequate
xXx_2002,5.8,124,142,277448382,48,21,1,0,0,0,0,0,0,Adequate
The Bourne Legacy_2012,6.6,135,113,276144750,61,11,1,0,0,0,0,0,0,Adequate
Mr. Peabody & Sherman_2014,6.8,92,111,275698039,59,9,0,1,0,0,0,0,0,Satisfactory
Scooby-Doo_2002,5.2,89,153,275678613,35,21,0,1,0,0,0,0,1,Adequate
Lincoln_2012,7.3,150,182,275293450,86,11,0,0,1,0,0,0,0,Adequate
Lara Croft: Tomb Raider_2001,5.7,100,131,274703340,33,22,1,0,0,0,0,0,0,Adequate
Tomb Raider_2018,6.3,119,58,274650803,48,5,1,0,0,0,0,0,0,Adequate
The Expendables_2010,6.4,103,103,274470394,45,13,1,0,0,0,0,0,0,Adequate
Cloudy with a Chance of Meatballs 2_2013,6.3,95,119,274325949,59,10,0,1,0,0,0,0,0,Adequate
The Nutty Professor_1996,5.7,95,128,273961019,62,27,0,1,0,1,0,1,0,Adequate
Jerry Maguire_1996,7.3,139,153,273552592,77,27,0,1,1,1,0,0,0,Adequate
Bad Boys II_2003,6.6,147,138,273339556,38,20,1,1,0,0,0,0,0,Adequate
Lilo & Stitch_2002,7.3,85,145,273144151,73,21,0,1,0,0,0,0,0,Adequate
The Silence of the Lambs_1991,8.6,118,130,272742922,85,32,0,0,1,0,0,0,0,High
Grown Ups_2010,5.9,102,162,271457301,30,13,0,1,0,0,0,0,0,Adequate
Neighbors_2014,6.3,97,150,270665134,68,9,0,1,0,0,0,0,0,Adequate
The Firm_1993,6.8,154,158,270248367,58,30,0,0,1,0,0,0,0,Adequate
We're the Millers_2013,7,110,150,269994119,44,10,0,1,0,0,0,0,0,Adequate
Gran Torino_2008,8.1,116,148,269958228,72,15,0,0,1,0,0,0,0,Adequate
"10,000 BC_2008",5.1,109,94,269784201,34,15,1,0,1,0,0,0,0,Adequate
American Gangster_2007,7.8,157,130,269755430,76,16,0,0,1,0,0,0,0,Adequate
Epic_2013,6.6,102,107,268426634,52,10,1,0,0,0,0,0,0,Adequate
Exodus: Gods and Kings_2014,6,150,65,268175631,52,9,1,0,1,0,0,0,0,Adequate
Bambi_1942,7.3,69,102,267447150,91,81,0,0,1,0,0,0,0,Adequate
The Princess and the Frog_2009,7.1,97,104,267045765,73,14,0,1,0,0,0,0,0,Adequate
Batman Returns_1992,7.1,126,162,266915287,68,31,1,0,0,0,0,0,0,Adequate
Indecent Proposal_1993,6,117,106,266614059,35,30,0,0,1,1,0,0,0,Satisfactory
Something's Gotta Give_2003,6.7,128,124,265328738,66,20,0,1,1,1,0,0,0,Adequate
Bridget Jones: The Edge of Reason_2004,6,108,40,265126918,44,19,0,1,1,1,0,0,0,Adequate
The Incredible Hulk_2008,6.6,112,134,264770996,61,15,1,0,0,0,0,1,0,Adequate
Waterworld_1995,6.2,135,88,264218220,56,28,1,0,0,0,0,1,0,Adequate
The Truman Show_1998,8.2,103,125,264118201,90,25,0,1,1,0,0,0,0,High
Charlie's Angels_2000,5.6,98,125,264105545,52,23,1,1,0,0,0,0,0,Adequate
The Fifth Element_1997,7.6,126,63,263920180,52,26,1,0,0,0,0,1,0,Adequate
Gisaengchung_2019,8.5,132,53,263187038,96,4,0,0,1,0,0,0,0,Adequate
Jumanji_1995,7,104,100,262821940,39,28,0,1,0,0,0,0,1,Adequate
Borat: Cultural Learnings of America for Make Benefit Glorious Nation of Kazakhstan_2006,7.3,84,128,262552893,89,17,0,1,0,0,0,0,0,Adequate
Robots_2005,6.4,91,128,262511490,64,18,0,1,0,0,0,0,0,Adequate
Knight and Day_2010,6.3,109,76,261989769,46,13,1,1,0,0,0,0,0,Adequate
Total Recall_1990,7.5,113,119,261317921,57,33,1,0,0,0,0,1,0,Adequate
This Is It_2009,7.2,111,72,261183588,67,14,0,0,1,0,0,0,0,Satisfactory
Terminator: Dark Fate_2019,6.2,128,62,261119292,54,4,1,0,0,0,0,1,0,Adequate
The Lone Ranger_2013,6.4,150,89,260502115,37,10,1,0,0,0,0,0,0,Adequate
Super 8_2011,7,112,127,260095986,72,12,1,0,0,0,0,1,0,Adequate
Xun long jue_2015,5.9,127,1,259368448,48,8,1,0,1,0,0,0,0,Low
Blade Runner 2049_2017,8,164,92,259352064,81,6,1,0,1,0,0,0,0,Adequate
Charlie's Angels: Full Throttle_2003,4.9,106,100,259175788,48,20,1,1,0,0,0,0,0,Adequate
Rush Hour 3_2007,6.2,91,140,258097122,44,16,1,1,0,0,0,0,0,Adequate
The Full Monty_1997,7.2,91,45,257938649,75,26,0,1,1,0,0,0,0,Adequate
Gong fu yu jia_2017,5.1,107,0,257753889,50,6,1,1,0,0,0,0,0,Satisfactory
Annabelle_2014,5.4,99,84,257589721,37,9,0,0,0,0,1,0,0,Adequate
Encanto_2021,7.2,102,96,256718560,75,2,0,1,0,0,0,0,1,Adequate
The Village_2004,6.6,108,114,256697520,44,19,0,0,1,0,0,0,0,Adequate
Gang jiong_2015,5.4,114,1,256283912,NULL,8,1,1,0,0,0,0,0,Low
Erin Brockovich_2000,7.4,131,125,256271286,73,23,0,0,1,0,0,0,0,Adequate
Fei chi ren sheng_2019,6.3,98,0,255863112,NULL,4,0,1,0,0,0,0,0,Low
Get Out_2017,7.7,104,176,255745157,85,6,0,0,0,0,1,0,0,Adequate
Marley & Me_2008,7,111,143,255743093,53,15,0,1,1,0,0,0,1,Adequate
Halloween_2018,6.5,106,159,255614941,67,5,0,0,0,0,1,0,0,Adequate
Us_2019,6.8,116,175,255228914,81,4,0,0,0,0,1,0,0,Adequate
Cliffhanger_1993,6.5,113,84,255000211,60,30,1,0,0,0,0,0,0,Adequate
Baahubali 2: The Conclusion_2017,8.2,167,20,254158390,NULL,6,1,0,1,0,0,0,0,Adequate
Babe_1995,6.9,91,66,254134910,83,28,0,1,1,0,0,0,1,Adequate
Men in Black: International_2019,5.6,114,80,253890701,38,4,1,1,0,0,0,0,0,Adequate
Wild Hogs_2007,5.8,100,168,253625427,27,16,1,1,0,0,0,0,0,Adequate
High School Musical 3: Senior Year_2008,4.9,112,90,252909177,57,15,0,1,1,0,0,0,1,Satisfactory
Hercules_1997,7.3,93,99,252712101,74,26,0,1,0,0,0,0,0,Adequate
Dark Phoenix_2019,5.7,113,65,252442974,43,4,1,0,0,0,0,1,0,Adequate
True Grit_2010,7.6,110,171,252276927,80,13,0,0,1,0,0,0,0,Adequate
Dolittle_2020,5.6,101,77,251410631,26,3,0,1,0,0,0,0,1,Satisfactory
Bean_1997,6.5,89,45,251212670,52,26,0,1,0,0,0,0,1,Adequate
American Hustle_2013,7.2,138,150,251171807,90,10,0,0,1,0,0,0,0,Adequate
Enemy of the State_1998,7.3,132,111,250849789,67,25,1,0,0,0,0,0,0,Adequate
You've Got Mail_1998,6.7,119,115,250821495,57,25,0,1,1,1,0,0,0,Adequate
Eragon_2006,5.1,104,75,250425512,38,17,1,0,0,0,0,0,1,Adequate
Brother Bear_2003,6.8,85,85,250397798,48,20,0,1,0,0,0,0,0,Adequate
The Godfather_1972,9.2,175,134,250341816,100,51,0,0,1,0,0,0,0,High
The Mask of Zorro_1998,6.8,136,94,250288523,63,25,1,1,0,0,0,0,0,Adequate
The Ring_2002,7.1,115,129,249348933,57,21,0,0,0,0,1,0,0,Adequate
The Blair Witch Project_1999,6.5,81,140,248639099,81,24,0,0,0,0,1,0,0,Adequate
Unbreakable_2000,7.3,106,95,248118121,62,23,0,0,1,0,0,1,0,Adequate
Journey to the West: Demon Chapter_2017,5.4,109,0,247585244,59,6,0,1,0,0,0,0,1,Low
Dumb and Dumber_1994,7.3,107,127,247290327,41,29,0,1,0,0,0,0,0,Adequate
Glass_2019,6.6,129,111,246999039,43,4,0,0,1,0,1,1,0,Adequate
Grown Ups 2_2013,5.3,101,133,246984278,19,10,0,1,0,0,0,0,0,Adequate
The Peanuts Movie_2015,7,88,130,246233113,67,8,0,1,0,0,0,0,0,Satisfactory
Rango_2011,7.2,107,123,245724603,75,12,1,0,0,0,0,0,0,Adequate
The Bad Guys_2022,6.8,100,0,245713440,64,1,0,1,0,0,0,0,0,Satisfactory
Four Weddings and a Funeral_1994,7.1,117,52,245700832,81,29,0,1,1,1,0,0,0,Adequate
Face/Off_1997,7.3,138,112,245676146,82,26,1,0,0,0,0,1,0,Adequate
Teenage Mutant Ninja Turtles: Out of the Shadows_2016,5.9,112,82,245623848,40,7,1,1,0,0,0,0,0,Satisfactory
Dark Shadows_2012,6.2,113,79,245527149,55,11,0,1,0,0,1,0,0,Adequate
Hulk_2003,5.6,138,132,245285165,54,20,1,0,0,0,0,1,0,Adequate
Love Actually_2003,7.6,135,59,245203167,55,20,0,1,1,1,0,0,0,Adequate
Lie huo ying xiong_2019,5.7,118,0,245179562,NULL,4,1,0,1,0,0,0,1,Unconsiderable
Bienvenue chez les Ch'tis_2008,7.1,106,1,245144417,NULL,15,0,1,0,1,0,0,0,Satisfactory
Back to the Future Part III_1990,7.4,118,87,245077583,55,33,0,1,0,0,0,1,0,Adequate
Pixels_2015,5.6,105,78,244874809,27,8,1,1,0,0,0,0,0,Adequate
Hercules_2014,6,98,72,244819862,47,9,1,0,0,0,0,0,0,Adequate
Rush Hour_1998,7,98,141,244721064,60,25,1,1,0,0,0,0,0,Adequate
Journey to the Center of the Earth_2008,5.8,93,101,244232688,57,15,1,0,0,0,0,0,1,Adequate
After Earth_2013,4.8,100,60,243611982,33,10,1,0,0,0,0,1,0,Adequate
A Few Good Men_1992,7.7,138,141,243240178,62,31,0,0,1,0,0,0,0,Adequate
Cloudy with a Chance of Meatballs_2009,6.9,90,124,243006126,66,14,0,1,0,0,0,0,0,Adequate
8 Mile_2002,7.2,110,116,242875078,77,21,0,0,1,0,0,0,0,Adequate
Daddy's Home_2015,6.1,96,150,242786137,42,8,0,1,0,0,0,0,1,Adequate
RoboCop_2014,6.2,117,58,242688965,52,9,1,0,0,0,0,1,0,Adequate
Eraser_1996,6.2,115,101,242295562,56,27,1,0,0,0,0,0,0,Adequate
Alien: Covenant_2017,6.4,122,74,240891763,65,6,0,0,0,0,1,1,0,Adequate
Sully_2016,7.4,96,125,240797623,74,7,0,0,1,0,0,0,0,Adequate
Assassin's Creed_2016,5.6,115,54,240697856,36,7,1,0,0,0,0,1,0,Adequate
Click_2006,6.4,107,137,240685326,45,17,0,1,1,0,0,0,0,Adequate
Jiang Ziya_2020,6.5,110,0,240663149,NULL,3,1,0,0,0,0,0,0,Low
Resident Evil: Retribution_2012,5.3,95,42,240159255,39,11,1,0,0,0,1,1,0,Adequate
Die Hard 2_1990,7.1,124,117,240031274,67,33,1,0,0,0,0,0,0,Adequate
Crocodile Dundee II_1988,5.7,108,109,239606210,41,35,1,1,0,0,0,0,0,Satisfactory
Planes_2013,5.7,91,90,239258712,39,10,0,1,0,0,0,0,0,Satisfactory
Crazy Rich Asians_2018,6.9,120,174,238843729,74,5,0,1,1,1,0,0,0,Adequate
Batman & Robin_1997,3.7,125,107,238235719,28,26,1,0,0,0,0,1,0,Adequate
Gulliver's Travels_2010,4.9,85,42,237382724,33,13,0,1,0,0,0,0,1,Satisfactory
Gone in Sixty Seconds_2000,6.5,118,101,237202299,35,23,1,0,0,0,0,0,0,Adequate
Saturday Night Fever_1977,6.8,118,94,237113184,77,46,0,0,1,0,0,0,0,Satisfactory
Silver Linings Playbook_2012,7.7,122,132,236412453,81,11,0,1,1,1,0,0,0,Adequate
2 Fast 2 Furious_2003,5.9,107,127,236350661,38,20,1,0,0,0,0,0,0,Adequate
Hauru no ugoku shiro_2004,8.2,119,4,236323601,80,19,0,0,0,0,0,0,1,Adequate
Hidden Figures_2016,7.8,127,169,235956898,74,7,0,0,1,0,0,0,0,Adequate
A.I. Artificial Intelligence_2001,7.2,146,78,235926552,65,22,0,0,1,0,0,1,0,Adequate
Dead Poets Society_1989,8.1,128,95,235860116,79,34,0,1,1,0,0,0,0,Adequate
Spy_2015,7,120,110,235666219,75,8,1,1,0,0,0,0,0,Adequate
American Pie_1999,7,95,102,235483004,58,24,0,1,0,0,0,0,0,Adequate
American Reunion_2012,6.7,113,57,234989584,49,11,0,1,0,0,0,0,0,Adequate
Big Daddy_1999,6.4,93,163,234801895,41,24,0,1,1,0,0,0,0,Adequate
Alvin and the Chipmunks: The Road Chip_2015,4.9,92,85,234798636,33,8,0,1,0,0,0,0,0,Satisfactory
The Imitation Game_2014,8,114,91,233555708,71,9,0,0,1,0,0,0,0,Adequate
Cruella_2021,7.3,134,86,233503234,59,2,0,1,0,0,0,0,0,Adequate
The Day the Earth Stood Still_2008,5.5,104,79,233093859,40,15,0,0,1,0,0,1,0,Adequate
American Wedding_2003,6.3,96,104,232722935,43,20,0,1,0,0,0,0,0,Adequate
The Girl with the Dragon Tattoo_2011,7.8,158,102,232617430,71,12,0,0,1,0,0,0,0,Adequate
Juno_2007,7.5,96,143,232372681,81,16,0,1,1,0,0,0,0,Adequate
Argo_2012,7.7,120,136,232325503,86,11,0,0,1,0,0,0,0,Adequate
Mr. Bean's Holiday_2007,6.4,90,33,232225908,56,16,0,1,0,0,0,0,1,Adequate
The English Patient_1996,7.4,162,78,231976425,87,27,0,0,1,1,0,0,0,Adequate
Sister Act_1992,6.5,100,139,231605150,51,31,0,1,0,0,0,0,1,Satisfactory
Annabelle Comes Home_2019,5.9,106,74,231252591,53,4,0,0,0,0,1,0,0,Satisfactory
Constantine_2005,7,121,75,230884728,50,18,1,0,0,0,1,0,0,Adequate
Get Smart_2008,6.5,110,130,230685453,54,15,1,1,0,0,0,0,0,Adequate
Space Jam_1996,6.5,88,90,230594962,59,27,0,1,0,0,0,0,0,Adequate
La vita +¿ bella_1997,8.6,116,57,230098753,59,26,0,1,1,1,0,0,0,Adequate
The Heat_2013,6.6,117,159,229930771,60,10,1,1,0,0,0,0,0,Adequate
Ghostbusters_2016,6.9,117,128,229147509,60,7,1,1,0,0,0,0,0,Adequate
Ghost Rider_2007,5.2,110,115,228738393,35,16,1,0,0,0,0,0,0,Adequate
Xia Luo te fan nao_2015,6.7,104,1,228122928,NULL,8,0,1,0,0,0,0,0,Low
Paddington 2_2017,7.8,103,40,227994792,88,6,0,1,0,0,0,0,1,Satisfactory
Sleepless in Seattle_1993,6.8,105,126,227927165,72,30,0,1,1,1,0,0,0,Adequate
Lethal Weapon 2_1989,7.2,114,147,227853986,70,34,1,0,0,0,0,0,0,Adequate
The Green Hornet_2011,5.8,119,98,227817248,39,12,1,1,0,0,0,0,0,Adequate
Out of Africa_1985,7.1,161,87,227514205,69,38,0,0,1,1,0,0,0,Satisfactory
Fang hua_2017,7,135,1,227091290,69,6,0,0,1,1,0,0,0,Low
Baby Driver_2017,7.6,113,107,226945087,86,6,1,0,1,0,0,0,0,Adequate
Immortals_2011,6,110,83,226904017,46,12,1,0,1,0,0,0,0,Adequate
Taken_2008,7.8,90,145,226837760,51,15,1,0,0,0,0,0,0,Adequate
Percy Jackson & the Olympians: The Lightning Thief_2010,5.8,118,88,226497209,47,13,0,0,0,0,0,0,1,Adequate
Hansel & Gretel: Witch Hunters_2013,6.1,88,55,226349749,23,10,1,0,0,0,1,0,0,Adequate
Lightyear_2022,6,100,0,226120658,60,1,1,0,0,0,0,0,0,Satisfactory
Valerian and the City of a Thousand Planets_2017,6.4,136,41,225973340,51,6,1,0,0,0,0,0,0,Adequate
Good Will Hunting_1997,8.3,126,138,225933435,70,26,0,0,1,1,0,0,0,Adequate
Shaonian de ni_2019,7.5,135,0,225918798,83,4,0,0,1,1,0,0,0,Low
Ford v Ferrari_2019,8.1,152,117,225508210,81,4,1,0,1,0,0,0,0,Adequate
Jumper_2008,6.1,88,80,225132113,35,15,1,0,0,0,0,1,0,Adequate
Elf_2003,7,97,173,225097437,64,20,0,1,0,0,0,0,1,Adequate
The Social Network_2010,7.8,120,96,224920375,95,13,0,0,1,0,0,0,0,Adequate
Chicken Run_2000,7.1,84,106,224874811,88,23,0,1,0,0,0,0,0,Adequate
Con Air_1997,6.9,115,101,224012234,52,26,1,0,0,0,0,0,0,Adequate
Interview with the Vampire: The Vampire Chronicles_1994,7.5,123,105,223664608,59,29,0,0,1,0,1,0,0,Adequate
Flightplan_2005,6.3,98,89,223387299,53,18,0,0,1,0,0,0,0,Adequate
Yes Man_2008,6.8,104,97,223241637,46,15,0,1,0,1,0,0,0,Adequate
Non-Stop_2014,6.9,106,92,222809600,56,9,1,0,0,0,0,0,0,Adequate
"Honey, I Shrunk the Kids_1989",6.4,93,130,222724172,63,34,0,1,0,0,0,0,1,Adequate
Fahrenheit 9/11_2004,7.5,122,119,222446882,67,19,0,0,1,0,0,0,0,Adequate
Wild Wild West_1999,4.9,106,113,222104681,38,24,1,1,0,0,0,1,0,Adequate
Wo he wo de fu bei_2021,6.1,157,0,221831086,NULL,2,0,0,1,0,0,0,0,Unconsiderable
Geostorm_2017,5.3,109,33,221600160,21,6,1,0,0,0,0,1,0,Adequate
Presumed Innocent_1990,6.9,127,86,221303188,72,33,0,0,0,0,0,0,0,Satisfactory
Jungle Cruise_2021,6.6,127,116,220889446,50,2,1,1,0,0,0,0,0,Adequate
Scary Movie 3_2003,5.5,84,110,220673217,49,20,0,1,0,0,0,0,0,Adequate
Collateral_2004,7.5,120,101,220239925,71,19,1,0,1,0,0,0,0,Adequate
Inferno_2016,6.2,121,34,220021259,42,7,1,0,0,0,0,0,0,Adequate
Knocked Up_2007,6.9,129,148,219922417,85,16,0,1,0,1,0,0,0,Adequate
Green Lantern_2011,5.5,114,116,219851172,39,12,1,0,0,0,0,1,0,Adequate
What Happens in Vegas_2008,6.1,99,80,219375562,36,15,0,1,0,1,0,0,0,Adequate
It's Complicated_2009,6.5,121,112,219103655,57,14,0,1,1,1,0,0,0,Satisfactory
The Terminal_2004,7.4,128,77,219100084,55,19,0,1,1,1,0,0,0,Adequate
Captain Phillips_2013,7.8,134,107,218791811,82,10,1,0,0,0,0,0,0,Adequate
The Prince of Egypt_1998,7.1,99,101,218613188,64,25,0,0,1,0,0,0,0,Adequate
Jack Reacher_2012,7,130,80,218340595,50,11,1,0,0,0,0,0,0,Adequate
Kingdom of Heaven_2005,7.2,144,47,218122627,63,18,1,0,1,0,0,0,0,Adequate
The Emoji Movie_2017,3.3,86,86,217776646,12,6,0,1,0,0,0,0,0,Satisfactory
Zhe ge sha shou bu tai leng jing_2022,6.1,109,0,217254604,NULL,1,0,1,0,0,0,0,0,Unconsiderable
Dracula Untold_2014,6.2,92,56,217124280,40,9,1,0,1,0,0,0,0,Adequate
Central Intelligence_2016,6.3,107,127,216972543,52,7,1,1,0,0,0,0,0,Adequate
Million Dollar Baby_2004,8.1,132,100,216763646,86,19,0,0,1,0,0,0,0,Adequate
The Help_2011,8.1,146,169,216639112,62,12,0,0,1,0,0,0,0,Adequate
Twins_1988,6.1,107,111,216614388,53,35,0,1,0,0,0,0,0,Adequate
Little Women_2019,7.8,135,108,216601214,91,4,0,0,1,1,0,0,0,Adequate
Valentine's Day_2010,5.7,125,110,216528528,34,13,0,1,0,1,0,0,0,Adequate
Bad Teacher_2011,5.6,92,100,216197492,47,12,0,1,0,1,0,0,0,Adequate
Song ni yi duo xiao hong hua_2020,6.6,122,0,216000000,NULL,3,0,0,1,0,0,0,1,Unconsiderable
The Croods: A New Age_2020,6.9,95,58,215905815,56,3,0,1,0,0,0,0,0,Satisfactory
Clear and Present Danger_1994,6.9,141,122,215887717,74,29,1,0,1,0,0,0,0,Adequate
One Hundred and One Dalmatians_1961,7.3,79,144,215880014,83,62,0,1,0,0,0,0,0,Adequate
Ted 2_2015,6.3,115,81,215863606,48,8,0,1,0,0,0,0,0,Adequate
Dracula_1992,7.4,128,82,215862692,57,31,0,0,1,0,1,0,0,Adequate
Vertical Limit_2000,5.9,124,69,215663859,48,23,1,0,1,0,0,0,0,Satisfactory
Ghostbusters II_1989,6.6,108,112,215394738,56,34,1,1,0,0,0,0,0,Adequate
The Patriot_2000,7.2,165,113,215294342,63,23,1,0,1,0,0,0,0,Adequate
The Sorcerer's Apprentice_2010,6.1,109,63,215283742,46,13,1,0,0,0,0,0,1,Adequate
Just Go with It_2011,6.4,117,103,214945591,33,12,0,1,0,1,0,0,0,Adequate
The Expendables 3_2014,6.1,126,39,214657577,35,9,1,0,0,0,0,0,0,Adequate
Dirty Dancing_1987,7,100,0,214577242,65,36,0,0,1,1,0,0,0,Adequate
Creed II_2018,7.1,130,115,214215889,66,5,0,0,1,0,0,0,0,Adequate
Smallfoot_2018,6.6,96,83,214115531,60,5,0,1,0,0,0,0,0,Satisfactory
Public Enemies_2009,7,140,97,214104620,70,14,1,0,0,0,0,0,0,Adequate
The Bourne Identity_2002,7.9,119,121,214034224,68,21,1,0,0,0,0,0,0,Adequate
Disclosure_1994,6.1,128,83,214015089,58,29,0,0,1,0,0,0,0,Satisfactory
Pulp Fiction_1994,8.9,154,107,213928762,94,29,0,0,1,0,0,0,0,High
The Aviator_2004,7.5,170,102,213719942,77,19,0,0,1,0,0,0,0,Adequate
Wo hu cang long_2000,7.9,120,128,213525736,94,23,1,0,1,0,0,0,0,Adequate
Braveheart_1995,8.4,178,75,213216216,68,28,0,0,1,0,0,0,0,High
Into the Woods_2014,5.9,125,128,212902372,69,9,0,1,1,0,0,0,0,Adequate
Bedtime Stories_2008,6,99,110,212874864,33,15,0,1,0,0,0,0,1,Satisfactory
Miss Congeniality_2000,6.3,109,106,212742720,43,23,1,1,0,0,0,0,0,Adequate
Entrapment_1999,6.3,113,87,212404396,54,24,1,0,0,1,0,0,0,Adequate
Ace Ventura: When Nature Calls_1995,6.4,90,108,212385533,45,28,0,1,0,0,0,0,0,Adequate
End of Days_1999,5.8,122,66,211989043,33,24,1,0,0,0,1,0,0,Adequate
Bridget Jones's Baby_2016,6.5,123,24,211952420,59,7,0,1,1,1,0,0,0,Satisfactory
Fury_2014,7.5,134,85,211822697,64,9,1,0,1,0,0,0,0,Adequate
Battle: Los Angeles_2011,5.7,116,83,211819354,37,12,1,0,0,0,0,1,0,Adequate
Australia_2008,6.6,165,49,211787511,53,15,0,0,1,1,0,0,0,Adequate
Due Date_2010,6.5,95,100,211780824,51,13,0,1,1,0,0,0,0,Adequate
Master and Commander: The Far Side of the World_2003,7.4,138,93,211622535,81,20,1,0,1,0,0,0,0,Adequate
A Series of Unfortunate Events_2004,6.8,108,118,211468235,62,19,0,1,0,0,0,0,1,Adequate
The Little Mermaid_1989,7.6,83,111,211343479,88,34,0,1,0,0,0,0,0,Adequate
Qi ji -+ Ben xiao hai_2022,6.7,106,0,211019042,NULL,1,0,1,1,0,0,0,0,Unconsiderable
District 9_2009,7.9,112,115,210888950,81,14,1,0,0,0,0,1,0,Adequate
Moonraker_1979,6.2,126,70,210308099,66,44,1,0,0,0,0,1,0,Adequate
The Others_2001,7.6,101,96,209947037,74,22,0,0,0,0,1,0,0,Adequate
Horrible Bosses_2011,6.9,98,117,209838559,57,12,0,1,0,0,0,0,0,Adequate
Hou lai de wo men_2018,7.4,120,0,209221380,NULL,5,0,0,1,1,0,0,0,Low
Red Dragon_2002,7.2,124,93,209196298,60,21,0,0,1,0,0,0,0,Adequate
Tomorrowland_2015,6.4,130,93,209035668,60,8,1,0,0,0,0,0,1,Adequate
Me Before You_2016,7.4,106,56,208314186,51,7,0,0,1,1,0,0,0,Adequate
Safe House_2012,6.7,115,126,208076205,52,11,1,0,0,0,0,0,0,Adequate
S.W.A.T._2003,6,117,116,207725639,45,20,1,0,0,0,0,0,0,Adequate
The Fast and the Furious_2001,6.8,106,144,207517509,58,22,1,0,0,0,0,0,0,Adequate
Traffic_2000,7.6,147,124,207515725,86,23,0,0,1,0,0,0,0,Adequate
Paranormal Activity 3_2011,5.8,83,104,207039844,59,12,0,0,0,0,1,0,0,Satisfactory
Philadelphia_1993,7.7,125,77,206678440,66,30,0,0,1,0,0,0,0,Adequate
The Conjuring: The Devil Made Me Do It_2021,6.3,112,65,206401480,53,2,0,0,0,0,1,0,0,Adequate
Sleepy Hollow_1999,7.3,105,101,206071502,65,24,0,0,0,0,1,0,0,Adequate
The Holiday_2006,6.9,136,63,205850134,52,17,0,1,0,1,0,0,0,Adequate
Nou fo_2021,6.6,126,0,205846481,72,2,1,0,0,0,0,0,0,Low
The Jungle Book_1967,7.6,78,141,205843612,65,56,0,1,0,0,0,0,0,Adequate
London Has Fallen_2016,5.9,99,62,205754447,28,7,1,0,0,0,0,0,0,Adequate
The Break-Up_2006,5.8,106,118,205668210,45,17,0,1,1,1,0,0,0,Adequate
Xi you: Xiang mo pian_2013,6.7,110,0,205637183,68,10,1,1,0,0,0,0,0,Satisfactory
The Ugly Truth_2009,6.4,96,88,205599393,28,14,0,1,0,1,0,0,0,Adequate
JFK_1991,8,189,70,205405498,72,32,0,0,1,0,0,0,0,Adequate
White House Down_2013,6.3,131,73,205366737,52,10,1,0,1,0,0,0,0,Adequate
Birds of Prey and the Fantabulous Emancipation of One Harley Quinn_2020,6,109,84,205322941,60,3,1,1,0,0,0,0,0,Adequate
A Dog's Purpose_2017,7.2,100,64,205035819,43,6,0,1,1,0,0,0,0,Satisfactory
Gake no ue no Ponyo_2008,7.6,101,15,204826668,86,15,0,1,0,0,0,0,0,Adequate
Fun with Dick and Jane_2005,6.1,90,110,204681899,47,18,0,1,0,0,0,0,0,Adequate
Eat Pray Love_2010,5.8,133,80,204594016,50,13,0,0,1,1,0,0,0,Satisfactory
Ghostbusters: Afterlife_2021,7.1,124,129,204334455,45,2,0,1,0,0,0,0,0,Adequate
You Don't Mess with the Zohan_2008,5.6,113,100,204313400,54,15,1,1,0,0,0,0,0,Adequate
The Addams Family_2019,5.8,86,100,203785209,46,4,0,1,0,0,0,0,1,Satisfactory
Hairspray_2007,6.7,117,118,203627753,81,16,0,1,1,0,0,0,0,Adequate
King Arthur_2004,6.3,126,51,203567857,46,19,1,0,1,0,0,0,0,Adequate
Yogi Bear_2010,4.6,81,100,203509374,35,13,0,1,0,0,0,0,0,Satisfactory
Everest_2015,7.1,121,43,203427584,64,8,1,0,0,0,0,0,0,Adequate
Vanilla Sky_2001,6.9,136,100,203388341,45,22,0,0,0,1,0,0,0,Adequate
Arrival_2016,7.9,116,100,203388186,81,7,0,0,1,0,0,1,0,Adequate
Need for Speed_2014,6.4,132,43,203277636,39,9,1,0,0,0,0,0,0,Adequate
Garfield_2004,5,80,75,203172417,27,19,0,1,0,0,0,0,0,Satisfactory
Patch Adams_1998,6.8,115,135,202292902,25,25,0,1,1,0,0,0,0,Adequate
Teenage Mutant Ninja Turtles_1990,6.7,93,135,202084756,51,33,1,1,0,0,0,0,0,Satisfactory
Kindergarten Cop_1990,6.2,111,91,201957688,61,33,1,1,0,0,0,0,0,Adequate
Straight Outta Compton_2015,7.8,147,161,201634991,72,8,0,0,1,0,0,0,0,Adequate
21 Jump Street_2012,7.2,109,138,201585328,69,11,1,1,0,0,0,0,0,Adequate
Valkyrie_2008,7.1,121,83,201545517,56,15,0,0,1,0,0,0,0,Adequate
Open Season_2006,6.1,86,85,200811689,49,17,0,1,0,0,0,0,0,Satisfactory
Cats & Dogs_2001,5.1,87,93,200687492,47,22,1,1,0,0,0,0,0,Satisfactory
The Hunt for Red October_1990,7.5,135,122,200512643,58,33,1,0,0,0,0,0,0,Adequate
Percy Jackson: Sea of Monsters_2013,5.7,106,68,199850315,39,10,0,0,0,0,0,0,1,Adequate
Two Weeks Notice_2002,6.1,101,93,199043471,42,21,0,1,0,1,0,0,0,Adequate
RED_2010,7,111,90,199006387,60,13,1,1,0,0,0,0,0,Adequate
Chak daan juen ga 2_2020,6.6,120,0,198921659,NULL,3,1,0,0,0,0,0,0,Low
City of Angels_1998,6.7,114,78,198685114,54,25,0,0,1,1,0,0,0,Adequate
The Pacifier_2005,5.6,95,113,198636868,30,18,1,1,1,0,0,0,0,Satisfactory
50 First Dates_2004,6.8,99,120,198520934,48,19,0,1,1,1,0,0,0,Adequate
Total Recall_2012,6.2,118,58,198467168,43,11,1,0,0,0,0,1,0,Adequate
Yi chu hao xi_2018,6.2,134,0,198326350,61,5,0,1,1,0,0,0,0,Low
Lo imposible_2012,7.5,114,19,198087212,73,11,0,0,1,0,0,0,0,Adequate
Ren zai jiong tu: Tai jiong_2012,6.2,105,0,197757387,55,11,0,1,1,0,0,0,0,Low
Christopher Robin_2018,7.2,104,99,197744377,60,5,0,1,1,0,0,0,0,Satisfactory
Jack the Giant Slayer_2013,6.3,114,65,197687603,51,10,1,0,0,0,0,0,0,Adequate
Smurfs: The Lost Village_2017,5.9,90,45,197183546,40,6,0,1,0,0,0,0,0,Satisfactory
Zhong guo yi sheng_2021,4.7,129,0,197143218,NULL,2,0,0,1,0,0,0,0,Unconsiderable
Spy Kids 3: Game Over_2003,4.3,84,111,197101678,57,20,1,1,0,0,0,0,0,Satisfactory
Panic Room_2002,6.8,112,96,197079546,65,21,0,0,1,0,0,0,0,Adequate
Bullet Train_2022,7.4,127,0,196833000,49,1,1,1,0,0,0,0,0,Adequate
The Other Woman_2014,6,109,83,196710396,39,9,0,1,0,1,0,0,0,Adequate
Stargate_1994,7,116,71,196567262,42,29,1,0,0,0,0,1,0,Adequate
Beowulf_2007,6.3,115,82,196393745,59,16,1,0,0,0,0,0,0,Adequate
The Vow_2012,6.8,104,125,196114570,43,11,0,0,1,1,0,0,0,Adequate
Anger Management_2003,6.2,106,135,195745823,52,20,0,1,0,0,0,0,0,Adequate
Tropic Thunder_2008,7,107,110,195702963,71,15,1,1,0,0,0,0,0,Adequate
The Shape of Water_2017,7.3,123,63,195333312,87,6,0,0,1,1,0,0,0,Adequate
Rocketman_2019,7.3,121,96,195320400,69,4,0,0,1,0,0,0,0,Adequate
The Pelican Brief_1993,6.6,141,100,195268056,50,30,0,0,1,0,0,0,0,Satisfactory
The BFG_2016,6.3,117,55,195243411,66,7,0,0,0,0,0,0,1,Satisfactory
The Intern_2015,7.1,121,75,194564672,51,8,0,1,1,0,0,0,0,Adequate
The Curse of the Were-Rabbit_2005,7.5,85,56,194137091,87,18,0,1,0,0,0,0,0,Adequate
Gnomeo & Juliet_2011,5.9,84,99,193967670,53,12,0,1,0,0,0,0,0,Satisfactory
The Sum of All Fears_2002,6.4,124,118,193921372,45,21,1,0,1,0,0,0,0,Adequate
Tenki no ko_2019,7.5,112,7,193840806,72,4,0,0,1,0,0,0,0,Satisfactory
Gangs of New York_2002,7.5,167,77,193772504,72,21,0,0,1,0,0,0,0,Adequate
Xi you ji zhi: Sun Wukong san da Baigu Jing_2016,5.9,119,0,193678298,NULL,7,1,0,0,0,0,0,0,Low
Paranormal Activity_2007,6.3,86,107,193355800,68,16,0,0,0,0,1,0,0,Adequate
The Lego Movie 2: The Second Part_2019,6.6,107,105,192456290,65,4,1,0,0,0,0,0,0,Satisfactory
The Equalizer_2014,7.2,132,101,192330738,57,9,1,0,0,0,0,0,0,Adequate
Downton Abbey_2019,7.4,122,96,192199131,64,4,0,0,1,1,0,0,0,Satisfactory
Wu sha_2019,6.8,112,0,191602146,73,4,0,0,1,0,0,0,0,Low
The Addams Family_1991,6.9,99,113,191502426,57,32,0,1,0,0,0,0,0,Adequate
The Longest Yard_2005,6.4,113,158,191466556,48,18,0,1,0,0,0,0,0,Adequate
The Lost City_2022,6.1,112,0,190844029,60,1,1,1,0,0,0,0,0,Adequate
The Santa Clause_1994,6.5,97,144,190539357,57,29,0,1,1,0,0,0,1,Adequate
Cheaper by the Dozen_2003,5.9,98,138,190538630,46,20,0,1,0,0,0,0,1,Adequate
The Equalizer 2_2018,6.7,121,102,190400157,50,5,1,0,0,0,0,0,0,Adequate
Hollow Man_2000,5.8,112,73,190213455,24,23,1,0,0,0,1,1,0,Adequate
Outbreak_1995,6.6,127,67,189859560,64,28,1,0,1,0,0,0,0,Adequate
So duk 2: Tin dei duei kuet_2019,6,99,0,189396380,NULL,4,1,0,0,0,0,0,0,Low
The X Files_1998,7,121,83,189176423,60,25,0,0,1,0,0,1,0,Adequate
Xin hua lu fang_2014,6.4,116,0,189017596,NULL,9,0,1,1,1,0,0,0,Low
Rambo III_1988,5.8,102,53,189015611,36,35,1,0,0,0,0,0,0,Adequate
The Secret Life of Walter Mitty_2013,7.3,114,58,188133322,54,10,0,1,1,0,0,0,0,Adequate
Mou seung_2018,6.8,130,0,188116796,NULL,5,1,0,0,0,0,0,0,Low
Jaws 2_1978,5.8,116,102,187884007,51,45,0,0,0,0,1,0,0,Satisfactory
12 Years a Slave_2013,8.1,134,56,187733202,96,10,0,0,1,0,0,0,0,Adequate
Heat_1995,8.3,170,67,187436818,76,28,1,0,1,0,0,0,0,Adequate
Mr. Popper's Penguins_2011,6,94,68,187361754,53,12,0,1,0,0,0,0,1,Satisfactory
The Grudge_2004,5.9,91,110,187281115,49,19,0,0,0,0,1,0,0,Adequate
I Now Pronounce You Chuck & Larry_2007,5.9,115,120,187134117,37,16,0,1,0,1,0,0,0,Adequate
The Horse Whisperer_1998,6.7,169,75,186883563,65,25,0,0,1,1,0,0,0,Satisfactory
Walk the Line_2005,7.8,136,119,186797986,72,18,0,0,1,0,0,0,0,Adequate
Jian bing xia_2015,5.6,113,0,186699768,NULL,8,0,1,0,0,0,0,0,Low
The Jungle Book 2_2003,5.3,72,47,186303759,38,20,0,1,0,0,0,0,0,Satisfactory
The Final Destination_2009,5.1,82,66,186167139,30,14,0,0,0,0,1,0,0,Adequate
Atlantis: The Lost Empire_2001,6.9,95,84,186053725,52,22,1,0,0,0,0,0,0,Adequate
Inside Man_2006,7.6,129,88,186003591,76,17,0,0,1,0,0,0,0,Adequate
The Waterboy_1998,6.1,90,161,185991646,41,25,0,1,0,0,0,0,0,Adequate
Hugo_2011,7.5,126,73,185770310,83,12,0,0,1,0,0,0,1,Adequate
Pitch Perfect 3_2017,5.8,93,104,185400345,40,6,0,1,0,0,0,0,0,Satisfactory
Watchmen_2009,7.6,162,107,185382813,56,14,1,0,1,0,0,0,0,Adequate
The Birdcage_1996,7.2,117,124,185260553,72,27,0,1,0,0,0,0,0,Satisfactory
Moulin Rouge!_2001,7.6,127,57,184935320,66,22,0,0,1,1,0,0,0,Adequate
Snow White and the Seven Dwarfs_1937,7.6,83,184,184925486,95,86,0,0,0,0,0,0,1,Adequate
Hop_2011,5.4,95,108,184367145,41,12,0,1,0,0,0,0,0,Satisfactory
Bad Moms_2016,6.2,100,113,183936074,60,7,0,1,0,0,0,0,0,Adequate
Jupiter Ascending_2015,5.3,127,47,183887723,40,8,1,0,0,0,0,1,0,Adequate
Knowing_2009,6.2,121,79,183658498,41,14,1,0,0,0,0,1,0,Adequate
102 Dalmatians_2000,4.8,100,66,183611771,35,23,0,1,0,0,0,0,1,Satisfactory
Storks_2016,6.8,87,72,183510278,56,7,0,1,0,0,0,0,0,Satisfactory
Stand by Me Doraemon_2014,7.3,95,0,183442714,NULL,9,0,1,1,0,0,0,0,Low
Paul Blart: Mall Cop_2009,5.2,91,20,183348429,39,14,1,1,0,0,0,0,0,Adequate
Wayne's World_1992,7,94,121,183097323,57,31,0,1,0,0,0,0,0,Adequate
Maverick_1994,7,127,101,183031272,62,29,1,1,0,0,0,0,0,Adequate
Mirror Mirror_2012,5.6,106,64,183018522,46,11,0,1,1,0,0,0,0,Satisfactory
The Man in the Iron Mask_1998,6.5,132,56,182968902,48,25,1,0,1,0,0,0,0,Adequate
Cape Fear_1991,7.3,128,79,182291969,73,32,0,0,0,0,0,0,0,Adequate
The Haunted Mansion_2003,5.1,99,75,182290266,34,20,0,1,0,0,0,0,1,Satisfactory
Xi you ji: Da nao tian gong_2014,4.9,119,0,182206924,NULL,9,1,0,0,0,0,0,1,Low
While You Were Sleeping_1995,6.7,103,81,182057016,67,28,0,1,1,1,0,0,0,Adequate
The Bridges of Madison County_1995,7.6,135,71,182016617,69,28,0,0,1,1,0,0,0,Satisfactory
Du cheng feng yun III_2016,2.5,113,0,181732879,NULL,7,0,1,1,0,0,0,0,Low
Poseidon_2006,5.7,98,60,181674817,50,17,1,0,0,0,0,0,0,Adequate
The First Wives Club_1996,6.4,103,105,181489203,58,27,0,1,0,0,0,0,0,Satisfactory
Xuan ya zhi shang_2021,6.6,120,0,181325565,NULL,2,0,0,1,0,0,0,0,Low
Scooby-Doo 2: Monsters Unleashed_2004,5.1,93,84,181239132,34,19,0,1,0,0,0,0,1,Satisfactory
Hot Shots!_1991,6.7,84,69,181096164,61,32,1,1,0,0,0,0,0,Adequate
Road to Perdition_2002,7.7,117,104,181001478,72,21,0,0,1,0,0,0,0,Adequate
Kill Bill: Vol. 1_2003,8.2,111,70,180906076,69,20,1,0,1,0,0,0,0,High
Abominable_2019,7,97,60,180734901,61,4,0,1,0,0,0,0,0,Satisfactory
The Scorpion King_2002,5.5,92,91,180630907,45,21,1,0,0,0,0,0,0,Adequate
Sweet Home Alabama_2002,6.2,108,127,180622424,45,21,0,1,0,1,0,0,0,Adequate
Daddy's Home 2_2017,6,100,104,180613824,30,6,0,1,0,0,0,0,0,Satisfactory
Hacksaw Ridge_2016,8.1,139,67,180563636,71,7,0,0,1,0,0,0,0,Adequate
Deja Vu_2006,7.1,126,64,180557550,59,17,1,0,0,0,0,1,0,Adequate
The Post_2017,7.2,116,81,180419276,83,6,0,0,1,0,0,0,0,Adequate
Dangerous Minds_1995,6.5,99,84,179519401,47,28,0,0,1,0,0,0,0,Satisfactory
The Dictator_2012,6.4,83,59,179379533,58,11,0,1,0,0,0,0,0,Adequate
The League of Extraordinary Gentlemen_2003,5.8,110,66,179265204,30,20,1,0,0,0,0,0,0,Adequate
Allegiant_2016,5.7,120,66,179246868,33,7,1,0,0,0,0,0,0,Adequate
Daredevil_2003,5.3,103,102,179179718,42,20,1,0,0,0,0,0,0,Adequate
City Slickers_1991,6.8,113,124,179033791,70,32,0,1,0,0,0,0,0,Satisfactory
He's Just Not That Into You_2009,6.4,129,93,178866158,47,14,0,1,1,1,0,0,0,Adequate
Eagle Eye_2008,6.6,118,101,178767383,43,15,1,0,0,0,0,0,0,Adequate
Along Came Polly_2004,6,90,88,178311729,44,19,0,1,0,1,0,0,0,Adequate
Flushed Away_2006,6.6,85,64,178281554,74,17,1,0,0,0,0,0,0,Adequate
Scary Movie 4_2006,5.1,83,90,178262620,40,17,0,1,0,0,0,0,0,Adequate
Dante's Peak_1997,6,108,67,178127760,43,26,1,0,0,0,0,0,0,Satisfactory
Brokeback Mountain_2005,7.7,134,83,178062759,87,18,0,0,1,1,0,0,0,Adequate
Patriot Games_1992,6.8,117,83,178051587,64,31,1,0,0,0,0,0,0,Adequate
Flubber_1997,5.3,93,92,177977226,37,26,0,1,0,0,0,1,1,Satisfactory
Baywatch_2017,5.5,116,58,177856751,37,6,1,1,0,0,0,0,0,Adequate
Double Jeopardy_1999,6.5,105,116,177841558,40,24,0,0,1,0,0,0,0,Satisfactory
War Horse_2011,7.2,146,79,177584879,72,12,1,0,1,0,0,0,0,Adequate
Paranormal Activity 2_2010,5.7,91,84,177512032,53,13,0,0,0,0,1,0,0,Adequate
How to Lose a Guy in 10 Days_2003,6.4,116,105,177502387,45,20,0,1,0,1,0,0,0,Adequate
AVP: Alien vs. Predator_2004,5.6,101,80,177427090,29,19,1,0,0,0,1,0,0,Adequate
Ying xiong_2002,7.9,120,53,177395557,85,21,1,0,1,0,0,0,0,Adequate
The 40 Year Old Virgin_2005,7.1,116,109,177378645,73,18,0,1,0,1,0,0,0,Adequate
The Butler_2013,7.2,132,116,177313795,65,10,0,0,1,0,0,0,0,Adequate
The Haunting_1999,5,113,91,177311151,42,24,0,0,0,0,1,0,0,Satisfactory
The Descendants_2011,7.3,115,82,177243185,84,12,0,1,1,0,0,0,0,Adequate
The A-Team_2010,6.7,117,77,177238796,47,13,1,0,0,0,0,0,0,Adequate
Tootsie_1982,7.4,116,177,177200271,88,41,0,1,1,1,0,0,0,Adequate
In the Line of Fire_1993,7.2,128,102,176997168,74,30,1,0,1,0,0,0,0,Adequate
Analyze This_1999,6.7,103,106,176885658,61,24,0,1,0,0,0,0,0,Adequate
The Hitman's Bodyguard_2017,6.9,118,75,176600207,47,6,1,1,0,0,0,0,0,Adequate
